0,1612538024,10.8.0.1,64.233.184.188,
0,1612538024,64.233.184.188,10.8.0.1,
0,1612538024,10.8.0.1,64.233.184.188,
0,1612538024,10.8.0.1,64.233.184.188,533
0,1612538024,64.233.184.188,10.8.0.1,
0,1612538024,64.233.184.188,10.8.0.1,203
0,1612538024,10.8.0.1,64.233.184.188,
0,1612538024,10.8.0.1,64.233.184.188,64
0,1612538024,64.233.184.188,10.8.0.1,
0,1612538024,10.8.0.1,64.233.184.188,351
0,1612538024,64.233.184.188,10.8.0.1,
0,1612538024,64.233.184.188,10.8.0.1,529
0,1612538024,10.8.0.1,64.233.184.188,
0,1612538024,64.233.184.188,10.8.0.1,118
0,1612538024,10.8.0.1,64.233.184.188,
1,1612538025,192.168.1.5,172.217.169.4,
1,1612538025,172.217.169.4,192.168.1.5,
1,1612538025,172.217.169.4,192.168.1.5,
2,1612538025,192.168.1.5,172.217.169.4,
2,1612538025,172.217.169.4,192.168.1.5,
2,1612538025,172.217.169.4,192.168.1.5,
1,1612538025,192.168.1.5,172.217.169.4,
2,1612538025,192.168.1.5,172.217.169.4,
,1612538025,10.8.0.1,192.168.1.1,
,1612538025,192.168.1.1,10.8.0.1,
3,1612538025,10.8.0.1,172.217.169.4,
3,1612538025,172.217.169.4,10.8.0.1,
4,1612538025,10.8.0.1,172.217.169.4,
4,1612538025,172.217.169.4,10.8.0.1,
3,1612538025,10.8.0.1,172.217.169.4,
3,1612538025,10.8.0.1,172.217.169.4,517
3,1612538025,172.217.169.4,10.8.0.1,
4,1612538025,10.8.0.1,172.217.169.4,
4,1612538025,10.8.0.1,172.217.169.4,517
4,1612538025,172.217.169.4,10.8.0.1,
3,1612538025,172.217.169.4,10.8.0.1,2631
3,1612538025,10.8.0.1,172.217.169.4,
3,1612538025,172.217.169.4,10.8.0.1,
3,1612538025,172.217.169.4,10.8.0.1,
4,1612538025,10.8.0.1,172.217.169.4,
4,1612538025,172.217.169.4,10.8.0.1,
4,1612538025,172.217.169.4,10.8.0.1,
3,1612538025,10.8.0.1,172.217.169.4,
3,1612538025,10.8.0.1,172.217.169.4,
3,1612538025,10.8.0.1,172.217.169.4,
4,1612538025,10.8.0.1,172.217.169.4,
,1612538025,10.8.0.1,192.168.1.1,
,1612538025,192.168.1.1,10.8.0.1,
5,1612538025,10.8.0.1,129.102.3.227,
5,1612538025,129.102.3.227,10.8.0.1,
5,1612538025,10.8.0.1,129.102.3.227,
5,1612538025,10.8.0.1,129.102.3.227,521
5,1612538025,129.102.3.227,10.8.0.1,
5,1612538025,129.102.3.227,10.8.0.1,150
5,1612538025,10.8.0.1,129.102.3.227,
5,1612538025,10.8.0.1,129.102.3.227,51
5,1612538025,129.102.3.227,10.8.0.1,
5,1612538025,129.102.3.227,10.8.0.1,69
5,1612538025,10.8.0.1,129.102.3.227,
6,1612538026,10.8.0.1,46.4.77.182,
6,1612538026,46.4.77.182,10.8.0.1,
6,1612538026,10.8.0.1,46.4.77.182,
6,1612538026,10.8.0.1,46.4.77.182,521
6,1612538026,46.4.77.182,10.8.0.1,
6,1612538026,46.4.77.182,10.8.0.1,150
6,1612538026,10.8.0.1,46.4.77.182,
6,1612538026,10.8.0.1,46.4.77.182,51
6,1612538026,46.4.77.182,10.8.0.1,
6,1612538026,10.8.0.1,46.4.77.182,99
6,1612538026,46.4.77.182,10.8.0.1,
6,1612538026,10.8.0.1,46.4.77.182,397
6,1612538026,46.4.77.182,10.8.0.1,
6,1612538026,46.4.77.182,10.8.0.1,78
7,1612538026,10.8.0.1,92.242.132.16,
7,1612538026,92.242.132.16,10.8.0.1,
8,1612538026,10.8.0.1,92.242.132.16,
8,1612538026,92.242.132.16,10.8.0.1,
9,1612538026,10.8.0.1,92.242.132.16,
9,1612538026,92.242.132.16,10.8.0.1,
6,1612538026,10.8.0.1,46.4.77.182,38
6,1612538026,46.4.77.182,10.8.0.1,
7,1612538026,10.8.0.1,92.242.132.16,
7,1612538026,10.8.0.1,92.242.132.16,228
7,1612538026,92.242.132.16,10.8.0.1,
8,1612538026,10.8.0.1,92.242.132.16,
9,1612538026,10.8.0.1,92.242.132.16,
8,1612538026,10.8.0.1,92.242.132.16,230
8,1612538026,92.242.132.16,10.8.0.1,
7,1612538026,92.242.132.16,10.8.0.1,221
9,1612538026,10.8.0.1,92.242.132.16,232
9,1612538026,92.242.132.16,10.8.0.1,
6,1612538026,46.4.77.182,10.8.0.1,40544
7,1612538026,10.8.0.1,92.242.132.16,
8,1612538026,92.242.132.16,10.8.0.1,221
7,1612538026,92.242.132.16,10.8.0.1,
7,1612538026,10.8.0.1,92.242.132.16,
7,1612538026,92.242.132.16,10.8.0.1,
7,1612538026,92.242.132.16,10.8.0.1,
8,1612538026,10.8.0.1,92.242.132.16,
8,1612538026,92.242.132.16,10.8.0.1,
7,1612538026,10.8.0.1,92.242.132.16,
7,1612538026,10.8.0.1,92.242.132.16,
8,1612538026,10.8.0.1,92.242.132.16,
8,1612538026,92.242.132.16,10.8.0.1,
8,1612538026,92.242.132.16,10.8.0.1,
9,1612538026,92.242.132.16,10.8.0.1,221
6,1612538026,10.8.0.1,46.4.77.182,
6,1612538026,46.4.77.182,10.8.0.1,46828
8,1612538026,10.8.0.1,92.242.132.16,
9,1612538026,10.8.0.1,92.242.132.16,
9,1612538026,92.242.132.16,10.8.0.1,
6,1612538026,10.8.0.1,46.4.77.182,
6,1612538026,46.4.77.182,10.8.0.1,46828
9,1612538026,10.8.0.1,92.242.132.16,
9,1612538026,92.242.132.16,10.8.0.1,
9,1612538026,92.242.132.16,10.8.0.1,
6,1612538026,10.8.0.1,46.4.77.182,
6,1612538026,46.4.77.182,10.8.0.1,46828
9,1612538026,10.8.0.1,92.242.132.16,
6,1612538026,10.8.0.1,46.4.77.182,
6,1612538026,46.4.77.182,10.8.0.1,46828
6,1612538026,10.8.0.1,46.4.77.182,
6,1612538026,46.4.77.182,10.8.0.1,46828
6,1612538026,10.8.0.1,46.4.77.182,
6,1612538026,46.4.77.182,10.8.0.1,46828
6,1612538026,10.8.0.1,46.4.77.182,
6,1612538026,46.4.77.182,10.8.0.1,46828
6,1612538026,10.8.0.1,46.4.77.182,
6,1612538026,46.4.77.182,10.8.0.1,46828
6,1612538026,10.8.0.1,46.4.77.182,
6,1612538026,46.4.77.182,10.8.0.1,46828
6,1612538027,10.8.0.1,46.4.77.182,
6,1612538027,46.4.77.182,10.8.0.1,46828
6,1612538027,10.8.0.1,46.4.77.182,
6,1612538027,46.4.77.182,10.8.0.1,46828
6,1612538027,10.8.0.1,46.4.77.182,
6,1612538027,46.4.77.182,10.8.0.1,46828
6,1612538027,10.8.0.1,46.4.77.182,
6,1612538027,46.4.77.182,10.8.0.1,46828
6,1612538027,10.8.0.1,46.4.77.182,
6,1612538027,46.4.77.182,10.8.0.1,46828
6,1612538027,10.8.0.1,46.4.77.182,
6,1612538027,46.4.77.182,10.8.0.1,46828
6,1612538027,10.8.0.1,46.4.77.182,
6,1612538027,46.4.77.182,10.8.0.1,46828
6,1612538027,10.8.0.1,46.4.77.182,
6,1612538027,46.4.77.182,10.8.0.1,46828
6,1612538027,10.8.0.1,46.4.77.182,
6,1612538027,46.4.77.182,10.8.0.1,46828
6,1612538027,10.8.0.1,46.4.77.182,
6,1612538027,46.4.77.182,10.8.0.1,46828
6,1612538027,10.8.0.1,46.4.77.182,
6,1612538027,46.4.77.182,10.8.0.1,46828
6,1612538027,10.8.0.1,46.4.77.182,
6,1612538027,46.4.77.182,10.8.0.1,46828
6,1612538027,10.8.0.1,46.4.77.182,
6,1612538027,46.4.77.182,10.8.0.1,46828
6,1612538027,10.8.0.1,46.4.77.182,
6,1612538027,46.4.77.182,10.8.0.1,46828
6,1612538027,10.8.0.1,46.4.77.182,
6,1612538027,46.4.77.182,10.8.0.1,46828
6,1612538027,10.8.0.1,46.4.77.182,
6,1612538027,46.4.77.182,10.8.0.1,46828
6,1612538027,10.8.0.1,46.4.77.182,
6,1612538027,46.4.77.182,10.8.0.1,46828
6,1612538027,10.8.0.1,46.4.77.182,
6,1612538027,46.4.77.182,10.8.0.1,46828
6,1612538027,10.8.0.1,46.4.77.182,
6,1612538027,46.4.77.182,10.8.0.1,46828
6,1612538028,10.8.0.1,46.4.77.182,
6,1612538028,46.4.77.182,10.8.0.1,46828
6,1612538028,10.8.0.1,46.4.77.182,
6,1612538028,46.4.77.182,10.8.0.1,46828
6,1612538028,10.8.0.1,46.4.77.182,
6,1612538028,46.4.77.182,10.8.0.1,46828
6,1612538028,10.8.0.1,46.4.77.182,
6,1612538028,46.4.77.182,10.8.0.1,46828
6,1612538028,10.8.0.1,46.4.77.182,
6,1612538028,46.4.77.182,10.8.0.1,46828
6,1612538028,10.8.0.1,46.4.77.182,
6,1612538028,46.4.77.182,10.8.0.1,46828
6,1612538028,10.8.0.1,46.4.77.182,
6,1612538028,46.4.77.182,10.8.0.1,46828
6,1612538028,10.8.0.1,46.4.77.182,
6,1612538028,46.4.77.182,10.8.0.1,46828
6,1612538028,10.8.0.1,46.4.77.182,
6,1612538028,46.4.77.182,10.8.0.1,46828
6,1612538028,10.8.0.1,46.4.77.182,
6,1612538028,46.4.77.182,10.8.0.1,46828
6,1612538028,10.8.0.1,46.4.77.182,
6,1612538028,46.4.77.182,10.8.0.1,46828
6,1612538028,10.8.0.1,46.4.77.182,
6,1612538028,46.4.77.182,10.8.0.1,46828
6,1612538028,10.8.0.1,46.4.77.182,
6,1612538028,46.4.77.182,10.8.0.1,46828
6,1612538028,10.8.0.1,46.4.77.182,
6,1612538028,46.4.77.182,10.8.0.1,46828
6,1612538028,10.8.0.1,46.4.77.182,
6,1612538028,46.4.77.182,10.8.0.1,46828
6,1612538028,10.8.0.1,46.4.77.182,
6,1612538028,46.4.77.182,10.8.0.1,46828
6,1612538028,10.8.0.1,46.4.77.182,
6,1612538028,46.4.77.182,10.8.0.1,46828
6,1612538028,10.8.0.1,46.4.77.182,
6,1612538028,46.4.77.182,10.8.0.1,46828
6,1612538028,10.8.0.1,46.4.77.182,
6,1612538028,46.4.77.182,10.8.0.1,46828
6,1612538029,10.8.0.1,46.4.77.182,
6,1612538029,46.4.77.182,10.8.0.1,46828
6,1612538029,10.8.0.1,46.4.77.182,
6,1612538029,46.4.77.182,10.8.0.1,46828
6,1612538029,10.8.0.1,46.4.77.182,
6,1612538029,46.4.77.182,10.8.0.1,46828
6,1612538029,10.8.0.1,46.4.77.182,
6,1612538029,46.4.77.182,10.8.0.1,46828
6,1612538029,10.8.0.1,46.4.77.182,
6,1612538029,46.4.77.182,10.8.0.1,46828
6,1612538029,10.8.0.1,46.4.77.182,
6,1612538029,46.4.77.182,10.8.0.1,46828
6,1612538029,10.8.0.1,46.4.77.182,
6,1612538029,46.4.77.182,10.8.0.1,46828
6,1612538029,10.8.0.1,46.4.77.182,
6,1612538029,46.4.77.182,10.8.0.1,46828
6,1612538029,10.8.0.1,46.4.77.182,
6,1612538029,46.4.77.182,10.8.0.1,46828
6,1612538029,10.8.0.1,46.4.77.182,
6,1612538029,46.4.77.182,10.8.0.1,46828
6,1612538029,10.8.0.1,46.4.77.182,
6,1612538029,46.4.77.182,10.8.0.1,46828
6,1612538029,10.8.0.1,46.4.77.182,
6,1612538029,46.4.77.182,10.8.0.1,46828
6,1612538029,10.8.0.1,46.4.77.182,
6,1612538029,46.4.77.182,10.8.0.1,46828
6,1612538029,10.8.0.1,46.4.77.182,
6,1612538029,46.4.77.182,10.8.0.1,46828
6,1612538029,10.8.0.1,46.4.77.182,
6,1612538029,46.4.77.182,10.8.0.1,46828
6,1612538029,10.8.0.1,46.4.77.182,
6,1612538029,46.4.77.182,10.8.0.1,46828
6,1612538029,10.8.0.1,46.4.77.182,
6,1612538029,46.4.77.182,10.8.0.1,46828
6,1612538029,10.8.0.1,46.4.77.182,
6,1612538029,46.4.77.182,10.8.0.1,46828
6,1612538029,10.8.0.1,46.4.77.182,
6,1612538029,46.4.77.182,10.8.0.1,46828
6,1612538030,10.8.0.1,46.4.77.182,
6,1612538030,46.4.77.182,10.8.0.1,46828
6,1612538030,10.8.0.1,46.4.77.182,
6,1612538030,46.4.77.182,10.8.0.1,46828
6,1612538030,10.8.0.1,46.4.77.182,
6,1612538030,46.4.77.182,10.8.0.1,46828
6,1612538030,10.8.0.1,46.4.77.182,
6,1612538030,46.4.77.182,10.8.0.1,46828
6,1612538030,10.8.0.1,46.4.77.182,
6,1612538030,46.4.77.182,10.8.0.1,46828
6,1612538030,10.8.0.1,46.4.77.182,
6,1612538030,46.4.77.182,10.8.0.1,46828
6,1612538030,10.8.0.1,46.4.77.182,
6,1612538030,46.4.77.182,10.8.0.1,46828
6,1612538030,10.8.0.1,46.4.77.182,
6,1612538030,46.4.77.182,10.8.0.1,46828
6,1612538030,10.8.0.1,46.4.77.182,
6,1612538030,46.4.77.182,10.8.0.1,46828
6,1612538030,10.8.0.1,46.4.77.182,
6,1612538030,46.4.77.182,10.8.0.1,46828
6,1612538030,10.8.0.1,46.4.77.182,
6,1612538030,46.4.77.182,10.8.0.1,46828
6,1612538030,10.8.0.1,46.4.77.182,
6,1612538030,46.4.77.182,10.8.0.1,46828
6,1612538030,10.8.0.1,46.4.77.182,
6,1612538030,46.4.77.182,10.8.0.1,46828
6,1612538030,10.8.0.1,46.4.77.182,
6,1612538030,46.4.77.182,10.8.0.1,46828
6,1612538030,10.8.0.1,46.4.77.182,
6,1612538030,46.4.77.182,10.8.0.1,46828
6,1612538030,10.8.0.1,46.4.77.182,
6,1612538030,46.4.77.182,10.8.0.1,46828
6,1612538030,10.8.0.1,46.4.77.182,
6,1612538030,46.4.77.182,10.8.0.1,46828
6,1612538030,10.8.0.1,46.4.77.182,
6,1612538030,46.4.77.182,10.8.0.1,46828
6,1612538030,10.8.0.1,46.4.77.182,
6,1612538030,46.4.77.182,10.8.0.1,46828
6,1612538031,10.8.0.1,46.4.77.182,
6,1612538031,46.4.77.182,10.8.0.1,46828
6,1612538031,10.8.0.1,46.4.77.182,
6,1612538031,46.4.77.182,10.8.0.1,46828
6,1612538031,10.8.0.1,46.4.77.182,
6,1612538031,46.4.77.182,10.8.0.1,46828
6,1612538031,10.8.0.1,46.4.77.182,
6,1612538031,46.4.77.182,10.8.0.1,46828
6,1612538031,10.8.0.1,46.4.77.182,
6,1612538031,46.4.77.182,10.8.0.1,46828
6,1612538031,10.8.0.1,46.4.77.182,
6,1612538031,46.4.77.182,10.8.0.1,46828
6,1612538031,10.8.0.1,46.4.77.182,
6,1612538031,46.4.77.182,10.8.0.1,46828
6,1612538031,10.8.0.1,46.4.77.182,
6,1612538031,46.4.77.182,10.8.0.1,46828
6,1612538031,10.8.0.1,46.4.77.182,
6,1612538031,46.4.77.182,10.8.0.1,46828
6,1612538031,10.8.0.1,46.4.77.182,
6,1612538031,46.4.77.182,10.8.0.1,46828
6,1612538031,10.8.0.1,46.4.77.182,
6,1612538031,46.4.77.182,10.8.0.1,46828
6,1612538031,10.8.0.1,46.4.77.182,
6,1612538031,46.4.77.182,10.8.0.1,46828
6,1612538031,10.8.0.1,46.4.77.182,
6,1612538031,46.4.77.182,10.8.0.1,46828
6,1612538031,10.8.0.1,46.4.77.182,
6,1612538031,46.4.77.182,10.8.0.1,46828
6,1612538031,10.8.0.1,46.4.77.182,
6,1612538031,46.4.77.182,10.8.0.1,46828
6,1612538031,10.8.0.1,46.4.77.182,
6,1612538031,46.4.77.182,10.8.0.1,46828
6,1612538031,10.8.0.1,46.4.77.182,
6,1612538031,46.4.77.182,10.8.0.1,46828
6,1612538031,10.8.0.1,46.4.77.182,
6,1612538031,46.4.77.182,10.8.0.1,46828
6,1612538031,10.8.0.1,46.4.77.182,
6,1612538031,46.4.77.182,10.8.0.1,46828
6,1612538031,10.8.0.1,46.4.77.182,
6,1612538031,46.4.77.182,10.8.0.1,46828
6,1612538032,10.8.0.1,46.4.77.182,
6,1612538032,46.4.77.182,10.8.0.1,46828
6,1612538032,10.8.0.1,46.4.77.182,
6,1612538032,46.4.77.182,10.8.0.1,46828
6,1612538032,10.8.0.1,46.4.77.182,
6,1612538032,46.4.77.182,10.8.0.1,46828
6,1612538032,10.8.0.1,46.4.77.182,
6,1612538032,46.4.77.182,10.8.0.1,46828
6,1612538032,10.8.0.1,46.4.77.182,
6,1612538032,46.4.77.182,10.8.0.1,46828
6,1612538032,10.8.0.1,46.4.77.182,
6,1612538032,46.4.77.182,10.8.0.1,46828
6,1612538032,10.8.0.1,46.4.77.182,
6,1612538032,46.4.77.182,10.8.0.1,46828
6,1612538032,10.8.0.1,46.4.77.182,
6,1612538032,46.4.77.182,10.8.0.1,46828
6,1612538032,10.8.0.1,46.4.77.182,
6,1612538032,46.4.77.182,10.8.0.1,46828
6,1612538032,10.8.0.1,46.4.77.182,
6,1612538032,46.4.77.182,10.8.0.1,46828
6,1612538032,10.8.0.1,46.4.77.182,
6,1612538032,46.4.77.182,10.8.0.1,46828
6,1612538032,10.8.0.1,46.4.77.182,
6,1612538032,46.4.77.182,10.8.0.1,46828
6,1612538032,10.8.0.1,46.4.77.182,
6,1612538032,46.4.77.182,10.8.0.1,46828
6,1612538032,10.8.0.1,46.4.77.182,
6,1612538032,46.4.77.182,10.8.0.1,46828
6,1612538032,10.8.0.1,46.4.77.182,
6,1612538032,46.4.77.182,10.8.0.1,46828
6,1612538032,10.8.0.1,46.4.77.182,
6,1612538032,46.4.77.182,10.8.0.1,46828
6,1612538032,10.8.0.1,46.4.77.182,
6,1612538032,46.4.77.182,10.8.0.1,46828
6,1612538032,10.8.0.1,46.4.77.182,
6,1612538032,46.4.77.182,10.8.0.1,46828
6,1612538032,10.8.0.1,46.4.77.182,
6,1612538032,46.4.77.182,10.8.0.1,46828
6,1612538033,10.8.0.1,46.4.77.182,
6,1612538033,46.4.77.182,10.8.0.1,46828
6,1612538033,10.8.0.1,46.4.77.182,
6,1612538033,46.4.77.182,10.8.0.1,46828
6,1612538033,10.8.0.1,46.4.77.182,
6,1612538033,46.4.77.182,10.8.0.1,46828
6,1612538033,10.8.0.1,46.4.77.182,
6,1612538033,46.4.77.182,10.8.0.1,46828
6,1612538033,10.8.0.1,46.4.77.182,
6,1612538033,46.4.77.182,10.8.0.1,46828
6,1612538033,10.8.0.1,46.4.77.182,
6,1612538033,46.4.77.182,10.8.0.1,46828
6,1612538033,10.8.0.1,46.4.77.182,
6,1612538033,46.4.77.182,10.8.0.1,46828
6,1612538033,10.8.0.1,46.4.77.182,
6,1612538033,46.4.77.182,10.8.0.1,46828
6,1612538033,10.8.0.1,46.4.77.182,
6,1612538033,46.4.77.182,10.8.0.1,46828
6,1612538033,10.8.0.1,46.4.77.182,
6,1612538033,46.4.77.182,10.8.0.1,43770
6,1612538033,10.8.0.1,46.4.77.182,
6,1612538043,10.8.0.1,46.4.77.182,42
6,1612538043,46.4.77.182,10.8.0.1,
6,1612538043,46.4.77.182,10.8.0.1,14480
6,1612538043,10.8.0.1,46.4.77.182,
6,1612538043,46.4.77.182,10.8.0.1,46828
6,1612538043,10.8.0.1,46.4.77.182,
6,1612538043,46.4.77.182,10.8.0.1,46828
6,1612538043,10.8.0.1,46.4.77.182,
6,1612538043,46.4.77.182,10.8.0.1,46828
6,1612538043,10.8.0.1,46.4.77.182,
6,1612538043,46.4.77.182,10.8.0.1,46828
6,1612538043,10.8.0.1,46.4.77.182,
6,1612538043,46.4.77.182,10.8.0.1,46828
6,1612538043,10.8.0.1,46.4.77.182,
6,1612538043,46.4.77.182,10.8.0.1,46828
6,1612538043,10.8.0.1,46.4.77.182,
6,1612538043,46.4.77.182,10.8.0.1,46828
6,1612538043,10.8.0.1,46.4.77.182,
6,1612538043,46.4.77.182,10.8.0.1,46828
6,1612538043,10.8.0.1,46.4.77.182,
6,1612538043,46.4.77.182,10.8.0.1,46828
6,1612538043,10.8.0.1,46.4.77.182,
6,1612538043,46.4.77.182,10.8.0.1,46828
6,1612538043,10.8.0.1,46.4.77.182,
6,1612538043,46.4.77.182,10.8.0.1,46828
6,1612538044,10.8.0.1,46.4.77.182,
6,1612538044,46.4.77.182,10.8.0.1,46828
6,1612538044,10.8.0.1,46.4.77.182,
6,1612538044,46.4.77.182,10.8.0.1,46828
6,1612538044,10.8.0.1,46.4.77.182,
6,1612538044,46.4.77.182,10.8.0.1,46828
6,1612538044,10.8.0.1,46.4.77.182,
6,1612538044,46.4.77.182,10.8.0.1,46828
6,1612538044,10.8.0.1,46.4.77.182,
6,1612538044,46.4.77.182,10.8.0.1,46828
6,1612538044,10.8.0.1,46.4.77.182,
6,1612538044,46.4.77.182,10.8.0.1,46828
6,1612538044,10.8.0.1,46.4.77.182,
6,1612538044,46.4.77.182,10.8.0.1,46828
6,1612538044,10.8.0.1,46.4.77.182,
6,1612538044,46.4.77.182,10.8.0.1,46828
6,1612538044,10.8.0.1,46.4.77.182,
6,1612538044,46.4.77.182,10.8.0.1,46828
6,1612538044,10.8.0.1,46.4.77.182,
6,1612538044,46.4.77.182,10.8.0.1,46828
6,1612538044,10.8.0.1,46.4.77.182,
6,1612538044,46.4.77.182,10.8.0.1,46828
6,1612538044,10.8.0.1,46.4.77.182,
6,1612538044,46.4.77.182,10.8.0.1,46828
6,1612538044,10.8.0.1,46.4.77.182,
6,1612538044,46.4.77.182,10.8.0.1,46828
6,1612538044,10.8.0.1,46.4.77.182,
6,1612538044,46.4.77.182,10.8.0.1,46828
6,1612538044,10.8.0.1,46.4.77.182,
6,1612538044,46.4.77.182,10.8.0.1,46828
6,1612538044,10.8.0.1,46.4.77.182,
6,1612538044,46.4.77.182,10.8.0.1,46828
6,1612538044,10.8.0.1,46.4.77.182,
6,1612538044,46.4.77.182,10.8.0.1,46828
6,1612538044,10.8.0.1,46.4.77.182,
6,1612538044,46.4.77.182,10.8.0.1,46828
6,1612538044,10.8.0.1,46.4.77.182,
6,1612538044,46.4.77.182,10.8.0.1,46828
6,1612538045,10.8.0.1,46.4.77.182,
6,1612538045,46.4.77.182,10.8.0.1,46828
6,1612538045,10.8.0.1,46.4.77.182,
6,1612538045,46.4.77.182,10.8.0.1,46828
6,1612538045,10.8.0.1,46.4.77.182,
6,1612538045,46.4.77.182,10.8.0.1,46828
6,1612538045,10.8.0.1,46.4.77.182,
6,1612538045,46.4.77.182,10.8.0.1,46828
6,1612538045,10.8.0.1,46.4.77.182,
6,1612538045,46.4.77.182,10.8.0.1,46828
6,1612538045,10.8.0.1,46.4.77.182,
6,1612538045,46.4.77.182,10.8.0.1,46828
6,1612538045,10.8.0.1,46.4.77.182,
6,1612538045,46.4.77.182,10.8.0.1,46828
6,1612538045,10.8.0.1,46.4.77.182,
6,1612538045,46.4.77.182,10.8.0.1,46828
6,1612538045,10.8.0.1,46.4.77.182,
6,1612538045,46.4.77.182,10.8.0.1,46828
6,1612538045,10.8.0.1,46.4.77.182,
6,1612538045,46.4.77.182,10.8.0.1,46828
6,1612538045,10.8.0.1,46.4.77.182,
6,1612538045,46.4.77.182,10.8.0.1,46828
6,1612538045,10.8.0.1,46.4.77.182,
6,1612538045,46.4.77.182,10.8.0.1,46828
6,1612538045,10.8.0.1,46.4.77.182,
6,1612538045,46.4.77.182,10.8.0.1,46828
6,1612538045,10.8.0.1,46.4.77.182,
6,1612538045,46.4.77.182,10.8.0.1,46828
6,1612538045,10.8.0.1,46.4.77.182,
6,1612538045,46.4.77.182,10.8.0.1,46828
6,1612538045,10.8.0.1,46.4.77.182,
6,1612538045,46.4.77.182,10.8.0.1,46828
6,1612538045,10.8.0.1,46.4.77.182,
6,1612538045,46.4.77.182,10.8.0.1,46828
6,1612538045,10.8.0.1,46.4.77.182,
6,1612538045,46.4.77.182,10.8.0.1,46828
6,1612538045,10.8.0.1,46.4.77.182,
6,1612538045,46.4.77.182,10.8.0.1,46828
6,1612538046,10.8.0.1,46.4.77.182,
6,1612538046,46.4.77.182,10.8.0.1,46828
6,1612538046,10.8.0.1,46.4.77.182,
6,1612538046,46.4.77.182,10.8.0.1,46828
6,1612538046,10.8.0.1,46.4.77.182,
6,1612538046,46.4.77.182,10.8.0.1,46828
6,1612538046,10.8.0.1,46.4.77.182,
6,1612538046,46.4.77.182,10.8.0.1,46828
6,1612538046,10.8.0.1,46.4.77.182,
6,1612538046,46.4.77.182,10.8.0.1,46828
6,1612538046,10.8.0.1,46.4.77.182,
6,1612538046,46.4.77.182,10.8.0.1,46828
6,1612538046,10.8.0.1,46.4.77.182,
6,1612538046,46.4.77.182,10.8.0.1,46828
6,1612538046,10.8.0.1,46.4.77.182,
6,1612538046,46.4.77.182,10.8.0.1,46828
6,1612538046,10.8.0.1,46.4.77.182,
6,1612538046,46.4.77.182,10.8.0.1,46828
6,1612538046,10.8.0.1,46.4.77.182,
6,1612538046,46.4.77.182,10.8.0.1,46828
6,1612538046,10.8.0.1,46.4.77.182,
6,1612538046,46.4.77.182,10.8.0.1,46828
6,1612538046,10.8.0.1,46.4.77.182,
6,1612538046,46.4.77.182,10.8.0.1,46828
6,1612538046,10.8.0.1,46.4.77.182,
6,1612538046,46.4.77.182,10.8.0.1,46828
6,1612538046,10.8.0.1,46.4.77.182,
6,1612538046,46.4.77.182,10.8.0.1,46828
6,1612538046,10.8.0.1,46.4.77.182,
6,1612538046,46.4.77.182,10.8.0.1,46828
6,1612538046,10.8.0.1,46.4.77.182,
6,1612538046,46.4.77.182,10.8.0.1,46828
6,1612538046,10.8.0.1,46.4.77.182,
6,1612538046,46.4.77.182,10.8.0.1,46828
6,1612538046,10.8.0.1,46.4.77.182,
6,1612538046,46.4.77.182,10.8.0.1,46828
6,1612538046,10.8.0.1,46.4.77.182,
6,1612538046,46.4.77.182,10.8.0.1,12337
6,1612538047,10.8.0.1,46.4.77.182,
6,1612538062,10.8.0.1,46.4.77.182,42
6,1612538062,46.4.77.182,10.8.0.1,
6,1612538062,46.4.77.182,10.8.0.1,14480
6,1612538062,10.8.0.1,46.4.77.182,
6,1612538062,46.4.77.182,10.8.0.1,43440
6,1612538062,10.8.0.1,46.4.77.182,
6,1612538062,46.4.77.182,10.8.0.1,46828
6,1612538062,10.8.0.1,46.4.77.182,
6,1612538062,46.4.77.182,10.8.0.1,46828
6,1612538062,10.8.0.1,46.4.77.182,
6,1612538062,46.4.77.182,10.8.0.1,46828
6,1612538062,10.8.0.1,46.4.77.182,
6,1612538062,46.4.77.182,10.8.0.1,46828
6,1612538062,10.8.0.1,46.4.77.182,
6,1612538062,46.4.77.182,10.8.0.1,46828
6,1612538062,10.8.0.1,46.4.77.182,
6,1612538062,46.4.77.182,10.8.0.1,46828
6,1612538062,10.8.0.1,46.4.77.182,
6,1612538062,46.4.77.182,10.8.0.1,46828
6,1612538062,10.8.0.1,46.4.77.182,
6,1612538062,46.4.77.182,10.8.0.1,46828
6,1612538062,10.8.0.1,46.4.77.182,
6,1612538062,46.4.77.182,10.8.0.1,46828
6,1612538063,10.8.0.1,46.4.77.182,
6,1612538063,46.4.77.182,10.8.0.1,46828
6,1612538063,10.8.0.1,46.4.77.182,
6,1612538063,46.4.77.182,10.8.0.1,46828
6,1612538063,10.8.0.1,46.4.77.182,
6,1612538063,46.4.77.182,10.8.0.1,46828
6,1612538063,10.8.0.1,46.4.77.182,
6,1612538063,46.4.77.182,10.8.0.1,46828
6,1612538063,10.8.0.1,46.4.77.182,
6,1612538063,46.4.77.182,10.8.0.1,46828
6,1612538063,10.8.0.1,46.4.77.182,
6,1612538063,46.4.77.182,10.8.0.1,46828
6,1612538063,10.8.0.1,46.4.77.182,
6,1612538063,46.4.77.182,10.8.0.1,46828
6,1612538063,10.8.0.1,46.4.77.182,
6,1612538063,46.4.77.182,10.8.0.1,46828
6,1612538063,10.8.0.1,46.4.77.182,
6,1612538063,46.4.77.182,10.8.0.1,46828
6,1612538063,10.8.0.1,46.4.77.182,
6,1612538063,46.4.77.182,10.8.0.1,46828
6,1612538063,10.8.0.1,46.4.77.182,
6,1612538063,46.4.77.182,10.8.0.1,46828
6,1612538063,10.8.0.1,46.4.77.182,
6,1612538063,46.4.77.182,10.8.0.1,46828
6,1612538063,10.8.0.1,46.4.77.182,
6,1612538063,46.4.77.182,10.8.0.1,46828
6,1612538063,10.8.0.1,46.4.77.182,
6,1612538063,46.4.77.182,10.8.0.1,46828
6,1612538063,10.8.0.1,46.4.77.182,
6,1612538063,46.4.77.182,10.8.0.1,46828
6,1612538063,10.8.0.1,46.4.77.182,
6,1612538063,46.4.77.182,10.8.0.1,46828
6,1612538063,10.8.0.1,46.4.77.182,
6,1612538063,46.4.77.182,10.8.0.1,46828
6,1612538063,10.8.0.1,46.4.77.182,
6,1612538063,46.4.77.182,10.8.0.1,46828
6,1612538063,10.8.0.1,46.4.77.182,
6,1612538063,46.4.77.182,10.8.0.1,46828
6,1612538064,10.8.0.1,46.4.77.182,
6,1612538064,46.4.77.182,10.8.0.1,46828
6,1612538064,10.8.0.1,46.4.77.182,
6,1612538064,46.4.77.182,10.8.0.1,46828
6,1612538064,10.8.0.1,46.4.77.182,
6,1612538064,46.4.77.182,10.8.0.1,46828
6,1612538064,10.8.0.1,46.4.77.182,
6,1612538064,46.4.77.182,10.8.0.1,46828
6,1612538064,10.8.0.1,46.4.77.182,
6,1612538064,46.4.77.182,10.8.0.1,46828
6,1612538064,10.8.0.1,46.4.77.182,
6,1612538064,46.4.77.182,10.8.0.1,46828
6,1612538064,10.8.0.1,46.4.77.182,
6,1612538064,46.4.77.182,10.8.0.1,46828
6,1612538064,10.8.0.1,46.4.77.182,
6,1612538064,46.4.77.182,10.8.0.1,46828
6,1612538064,10.8.0.1,46.4.77.182,
6,1612538064,46.4.77.182,10.8.0.1,46828
6,1612538064,10.8.0.1,46.4.77.182,
6,1612538064,46.4.77.182,10.8.0.1,46828
6,1612538064,10.8.0.1,46.4.77.182,
6,1612538064,46.4.77.182,10.8.0.1,46828
6,1612538064,10.8.0.1,46.4.77.182,
6,1612538064,46.4.77.182,10.8.0.1,46828
6,1612538064,10.8.0.1,46.4.77.182,
6,1612538064,46.4.77.182,10.8.0.1,46828
6,1612538064,10.8.0.1,46.4.77.182,
6,1612538064,46.4.77.182,10.8.0.1,46828
6,1612538064,10.8.0.1,46.4.77.182,
6,1612538064,46.4.77.182,10.8.0.1,46828
6,1612538064,10.8.0.1,46.4.77.182,
6,1612538064,46.4.77.182,10.8.0.1,46828
6,1612538064,10.8.0.1,46.4.77.182,
6,1612538064,46.4.77.182,10.8.0.1,46828
6,1612538064,10.8.0.1,46.4.77.182,
6,1612538064,46.4.77.182,10.8.0.1,46828
6,1612538064,10.8.0.1,46.4.77.182,
6,1612538064,46.4.77.182,10.8.0.1,46828
6,1612538065,10.8.0.1,46.4.77.182,
6,1612538065,46.4.77.182,10.8.0.1,46828
6,1612538065,10.8.0.1,46.4.77.182,
6,1612538065,46.4.77.182,10.8.0.1,46828
6,1612538065,10.8.0.1,46.4.77.182,
6,1612538065,46.4.77.182,10.8.0.1,46828
6,1612538065,10.8.0.1,46.4.77.182,
6,1612538065,46.4.77.182,10.8.0.1,46828
6,1612538065,10.8.0.1,46.4.77.182,
6,1612538065,46.4.77.182,10.8.0.1,46828
6,1612538065,10.8.0.1,46.4.77.182,
6,1612538065,46.4.77.182,10.8.0.1,46828
6,1612538065,10.8.0.1,46.4.77.182,
6,1612538065,46.4.77.182,10.8.0.1,46828
6,1612538065,10.8.0.1,46.4.77.182,
6,1612538065,46.4.77.182,10.8.0.1,46828
6,1612538065,10.8.0.1,46.4.77.182,
6,1612538065,46.4.77.182,10.8.0.1,46828
6,1612538065,10.8.0.1,46.4.77.182,
6,1612538065,46.4.77.182,10.8.0.1,46828
6,1612538065,10.8.0.1,46.4.77.182,
6,1612538065,46.4.77.182,10.8.0.1,46828
6,1612538065,10.8.0.1,46.4.77.182,
6,1612538065,46.4.77.182,10.8.0.1,46828
6,1612538065,10.8.0.1,46.4.77.182,
6,1612538065,46.4.77.182,10.8.0.1,46828
6,1612538065,10.8.0.1,46.4.77.182,
6,1612538065,46.4.77.182,10.8.0.1,46828
6,1612538065,10.8.0.1,46.4.77.182,
6,1612538065,46.4.77.182,10.8.0.1,46828
6,1612538065,10.8.0.1,46.4.77.182,
6,1612538065,46.4.77.182,10.8.0.1,46828
6,1612538065,10.8.0.1,46.4.77.182,
6,1612538065,46.4.77.182,10.8.0.1,46828
6,1612538065,10.8.0.1,46.4.77.182,
6,1612538065,46.4.77.182,10.8.0.1,46828
6,1612538065,10.8.0.1,46.4.77.182,
6,1612538065,46.4.77.182,10.8.0.1,46828
6,1612538065,10.8.0.1,46.4.77.182,
6,1612538065,46.4.77.182,10.8.0.1,7657
6,1612538066,10.8.0.1,46.4.77.182,
0,1612538067,64.233.184.188,10.8.0.1,253
0,1612538067,10.8.0.1,64.233.184.188,
0,1612538067,10.8.0.1,64.233.184.188,38
0,1612538067,64.233.184.188,10.8.0.1,
10,1612538068,10.8.0.1,216.58.212.197,
10,1612538068,216.58.212.197,10.8.0.1,
10,1612538068,10.8.0.1,216.58.212.197,
10,1612538068,10.8.0.1,216.58.212.197,184
10,1612538068,216.58.212.197,10.8.0.1,
10,1612538068,216.58.212.197,10.8.0.1,2574
10,1612538068,10.8.0.1,216.58.212.197,
10,1612538068,10.8.0.1,216.58.212.197,93
10,1612538068,216.58.212.197,10.8.0.1,
10,1612538069,216.58.212.197,10.8.0.1,361
10,1612538069,10.8.0.1,216.58.212.197,53
10,1612538069,216.58.212.197,10.8.0.1,
10,1612538069,10.8.0.1,216.58.212.197,536
10,1612538069,216.58.212.197,10.8.0.1,
10,1612538069,10.8.0.1,216.58.212.197,536
10,1612538069,216.58.212.197,10.8.0.1,
10,1612538069,10.8.0.1,216.58.212.197,
10,1612538069,10.8.0.1,216.58.212.197,
10,1612538069,10.8.0.1,216.58.212.197,
10,1612538069,10.8.0.1,216.58.212.197,
10,1612538069,10.8.0.1,216.58.212.197,53
10,1612538069,216.58.212.197,10.8.0.1,
10,1612538069,10.8.0.1,216.58.212.197,171
10,1612538069,216.58.212.197,10.8.0.1,
10,1612538069,216.58.212.197,10.8.0.1,
10,1612538069,10.8.0.1,216.58.212.197,46
10,1612538069,10.8.0.1,216.58.212.197,119
10,1612538069,216.58.212.197,10.8.0.1,
10,1612538069,216.58.212.197,10.8.0.1,
10,1612538069,10.8.0.1,216.58.212.197,72
10,1612538069,216.58.212.197,10.8.0.1,
10,1612538069,216.58.212.197,10.8.0.1,
11,1612538069,10.8.0.1,142.250.178.3,
11,1612538069,142.250.178.3,10.8.0.1,
11,1612538069,10.8.0.1,142.250.178.3,
11,1612538069,10.8.0.1,142.250.178.3,517
11,1612538069,142.250.178.3,10.8.0.1,
11,1612538069,142.250.178.3,10.8.0.1,3028
11,1612538069,10.8.0.1,142.250.178.3,
10,1612538069,10.8.0.1,216.58.212.197,71
10,1612538069,216.58.212.197,10.8.0.1,
10,1612538069,216.58.212.197,10.8.0.1,
11,1612538069,10.8.0.1,142.250.178.3,64
11,1612538069,142.250.178.3,10.8.0.1,
11,1612538069,10.8.0.1,142.250.178.3,92
11,1612538069,142.250.178.3,10.8.0.1,
11,1612538069,10.8.0.1,142.250.178.3,536
11,1612538069,142.250.178.3,10.8.0.1,
11,1612538069,10.8.0.1,142.250.178.3,56
11,1612538069,142.250.178.3,10.8.0.1,
11,1612538069,10.8.0.1,142.250.178.3,536
11,1612538069,142.250.178.3,10.8.0.1,
11,1612538069,10.8.0.1,142.250.178.3,536
11,1612538069,142.250.178.3,10.8.0.1,
11,1612538069,10.8.0.1,142.250.178.3,536
11,1612538069,142.250.178.3,10.8.0.1,
11,1612538069,10.8.0.1,142.250.178.3,536
11,1612538069,142.250.178.3,10.8.0.1,
11,1612538069,10.8.0.1,142.250.178.3,536
11,1612538069,142.250.178.3,10.8.0.1,
11,1612538069,10.8.0.1,142.250.178.3,403
11,1612538069,142.250.178.3,10.8.0.1,
11,1612538070,142.250.178.3,10.8.0.1,2383
11,1612538070,10.8.0.1,142.250.178.3,31
11,1612538070,142.250.178.3,10.8.0.1,
11,1612538070,10.8.0.1,142.250.178.3,39
11,1612538070,142.250.178.3,10.8.0.1,
10,1612538070,10.8.0.1,216.58.212.197,70
10,1612538070,216.58.212.197,10.8.0.1,
10,1612538070,216.58.212.197,10.8.0.1,
10,1612538072,10.8.0.1,216.58.212.197,69
10,1612538072,216.58.212.197,10.8.0.1,
10,1612538072,216.58.212.197,10.8.0.1,
6,1612538072,10.8.0.1,46.4.77.182,42
6,1612538072,46.4.77.182,10.8.0.1,
10,1612538076,10.8.0.1,216.58.212.197,68
10,1612538076,216.58.212.197,10.8.0.1,
10,1612538076,216.58.212.197,10.8.0.1,
10,1612538083,10.8.0.1,216.58.212.197,67
10,1612538083,216.58.212.197,10.8.0.1,
10,1612538083,216.58.212.197,10.8.0.1,
6,1612538085,10.8.0.1,46.4.77.182,42
6,1612538085,46.4.77.182,10.8.0.1,
6,1612538085,46.4.77.182,10.8.0.1,14480
6,1612538085,10.8.0.1,46.4.77.182,
6,1612538085,46.4.77.182,10.8.0.1,34752
6,1612538085,10.8.0.1,46.4.77.182,
6,1612538085,46.4.77.182,10.8.0.1,46828
6,1612538085,10.8.0.1,46.4.77.182,
6,1612538085,46.4.77.182,10.8.0.1,46828
6,1612538085,10.8.0.1,46.4.77.182,
6,1612538085,46.4.77.182,10.8.0.1,46828
6,1612538085,10.8.0.1,46.4.77.182,
6,1612538085,46.4.77.182,10.8.0.1,46828
6,1612538085,10.8.0.1,46.4.77.182,
6,1612538085,46.4.77.182,10.8.0.1,46828
6,1612538085,10.8.0.1,46.4.77.182,
6,1612538085,46.4.77.182,10.8.0.1,46828
6,1612538085,10.8.0.1,46.4.77.182,
6,1612538085,46.4.77.182,10.8.0.1,46828
12,1612538085,10.8.0.1,172.217.169.4,
12,1612538085,172.217.169.4,10.8.0.1,
13,1612538085,10.8.0.1,172.217.169.4,
13,1612538085,172.217.169.4,10.8.0.1,
6,1612538085,10.8.0.1,46.4.77.182,
6,1612538085,46.4.77.182,10.8.0.1,46828
12,1612538085,10.8.0.1,172.217.169.4,
12,1612538085,10.8.0.1,172.217.169.4,517
12,1612538085,172.217.169.4,10.8.0.1,
13,1612538085,10.8.0.1,172.217.169.4,
13,1612538085,10.8.0.1,172.217.169.4,517
13,1612538085,172.217.169.4,10.8.0.1,
6,1612538085,10.8.0.1,46.4.77.182,
6,1612538085,46.4.77.182,10.8.0.1,46828
6,1612538085,10.8.0.1,46.4.77.182,
6,1612538085,46.4.77.182,10.8.0.1,46828
6,1612538085,10.8.0.1,46.4.77.182,
13,1612538085,172.217.169.4,10.8.0.1,2631
12,1612538085,172.217.169.4,10.8.0.1,2632
6,1612538085,46.4.77.182,10.8.0.1,46828
13,1612538085,10.8.0.1,172.217.169.4,
12,1612538085,10.8.0.1,172.217.169.4,
13,1612538085,10.8.0.1,172.217.169.4,64
13,1612538085,172.217.169.4,10.8.0.1,
12,1612538085,10.8.0.1,172.217.169.4,64
12,1612538085,172.217.169.4,10.8.0.1,
6,1612538085,10.8.0.1,46.4.77.182,
6,1612538085,46.4.77.182,10.8.0.1,46828
6,1612538085,10.8.0.1,46.4.77.182,
6,1612538085,46.4.77.182,10.8.0.1,46828
6,1612538085,10.8.0.1,46.4.77.182,
6,1612538085,46.4.77.182,10.8.0.1,46828
6,1612538085,10.8.0.1,46.4.77.182,
6,1612538085,46.4.77.182,10.8.0.1,46828
6,1612538085,10.8.0.1,46.4.77.182,
6,1612538085,46.4.77.182,10.8.0.1,46828
6,1612538085,10.8.0.1,46.4.77.182,
6,1612538085,46.4.77.182,10.8.0.1,46828
6,1612538086,10.8.0.1,46.4.77.182,
6,1612538086,46.4.77.182,10.8.0.1,46828
6,1612538086,10.8.0.1,46.4.77.182,
6,1612538086,46.4.77.182,10.8.0.1,46828
6,1612538086,10.8.0.1,46.4.77.182,
6,1612538086,46.4.77.182,10.8.0.1,46828
6,1612538086,10.8.0.1,46.4.77.182,
6,1612538086,46.4.77.182,10.8.0.1,46828
6,1612538086,10.8.0.1,46.4.77.182,
6,1612538086,46.4.77.182,10.8.0.1,46828
6,1612538086,10.8.0.1,46.4.77.182,
6,1612538086,46.4.77.182,10.8.0.1,46828
6,1612538086,10.8.0.1,46.4.77.182,
6,1612538086,46.4.77.182,10.8.0.1,46828
6,1612538086,10.8.0.1,46.4.77.182,
6,1612538086,46.4.77.182,10.8.0.1,46828
6,1612538086,10.8.0.1,46.4.77.182,
6,1612538086,46.4.77.182,10.8.0.1,46828
6,1612538086,10.8.0.1,46.4.77.182,
6,1612538086,46.4.77.182,10.8.0.1,46828
6,1612538086,10.8.0.1,46.4.77.182,
6,1612538086,46.4.77.182,10.8.0.1,46828
6,1612538086,10.8.0.1,46.4.77.182,
6,1612538086,46.4.77.182,10.8.0.1,46828
6,1612538086,10.8.0.1,46.4.77.182,
6,1612538086,46.4.77.182,10.8.0.1,46828
6,1612538086,10.8.0.1,46.4.77.182,
6,1612538086,46.4.77.182,10.8.0.1,46828
6,1612538086,10.8.0.1,46.4.77.182,
6,1612538086,46.4.77.182,10.8.0.1,46828
6,1612538086,10.8.0.1,46.4.77.182,
6,1612538086,46.4.77.182,10.8.0.1,46828
6,1612538086,10.8.0.1,46.4.77.182,
6,1612538086,46.4.77.182,10.8.0.1,46828
6,1612538086,10.8.0.1,46.4.77.182,
6,1612538086,46.4.77.182,10.8.0.1,46828
6,1612538086,10.8.0.1,46.4.77.182,
6,1612538086,46.4.77.182,10.8.0.1,46828
6,1612538087,10.8.0.1,46.4.77.182,
6,1612538087,46.4.77.182,10.8.0.1,46828
6,1612538087,10.8.0.1,46.4.77.182,
6,1612538087,46.4.77.182,10.8.0.1,46828
6,1612538087,10.8.0.1,46.4.77.182,
6,1612538087,46.4.77.182,10.8.0.1,46828
6,1612538087,10.8.0.1,46.4.77.182,
6,1612538087,46.4.77.182,10.8.0.1,46828
6,1612538087,10.8.0.1,46.4.77.182,
6,1612538087,46.4.77.182,10.8.0.1,46828
6,1612538087,10.8.0.1,46.4.77.182,
6,1612538087,46.4.77.182,10.8.0.1,46828
6,1612538087,10.8.0.1,46.4.77.182,
6,1612538087,46.4.77.182,10.8.0.1,46828
6,1612538087,10.8.0.1,46.4.77.182,
6,1612538087,46.4.77.182,10.8.0.1,46828
6,1612538087,10.8.0.1,46.4.77.182,
6,1612538087,46.4.77.182,10.8.0.1,46828
6,1612538087,10.8.0.1,46.4.77.182,
6,1612538087,46.4.77.182,10.8.0.1,46828
6,1612538087,10.8.0.1,46.4.77.182,
6,1612538087,46.4.77.182,10.8.0.1,46828
6,1612538087,10.8.0.1,46.4.77.182,
6,1612538087,46.4.77.182,10.8.0.1,46828
6,1612538087,10.8.0.1,46.4.77.182,
6,1612538087,46.4.77.182,10.8.0.1,46828
6,1612538087,10.8.0.1,46.4.77.182,
6,1612538087,46.4.77.182,10.8.0.1,46828
6,1612538087,10.8.0.1,46.4.77.182,
6,1612538087,46.4.77.182,10.8.0.1,46828
6,1612538087,10.8.0.1,46.4.77.182,
6,1612538087,46.4.77.182,10.8.0.1,46828
6,1612538087,10.8.0.1,46.4.77.182,
6,1612538087,46.4.77.182,10.8.0.1,46828
6,1612538087,10.8.0.1,46.4.77.182,
6,1612538087,46.4.77.182,10.8.0.1,46828
6,1612538087,10.8.0.1,46.4.77.182,
6,1612538087,46.4.77.182,10.8.0.1,46828
6,1612538088,10.8.0.1,46.4.77.182,
6,1612538088,46.4.77.182,10.8.0.1,46828
6,1612538088,10.8.0.1,46.4.77.182,
6,1612538088,46.4.77.182,10.8.0.1,46828
6,1612538088,10.8.0.1,46.4.77.182,
6,1612538088,46.4.77.182,10.8.0.1,46828
6,1612538088,10.8.0.1,46.4.77.182,
6,1612538088,46.4.77.182,10.8.0.1,46828
6,1612538088,10.8.0.1,46.4.77.182,
6,1612538088,46.4.77.182,10.8.0.1,46828
6,1612538088,10.8.0.1,46.4.77.182,
6,1612538088,46.4.77.182,10.8.0.1,46828
6,1612538088,10.8.0.1,46.4.77.182,
6,1612538088,46.4.77.182,10.8.0.1,46828
6,1612538088,10.8.0.1,46.4.77.182,
6,1612538088,46.4.77.182,10.8.0.1,46828
6,1612538088,10.8.0.1,46.4.77.182,
6,1612538088,46.4.77.182,10.8.0.1,46828
6,1612538088,10.8.0.1,46.4.77.182,
6,1612538088,46.4.77.182,10.8.0.1,46828
6,1612538088,10.8.0.1,46.4.77.182,
6,1612538088,46.4.77.182,10.8.0.1,46828
6,1612538088,10.8.0.1,46.4.77.182,
6,1612538088,46.4.77.182,10.8.0.1,24393
6,1612538088,10.8.0.1,46.4.77.182,
12,1612538095,172.217.169.4,10.8.0.1,
13,1612538095,172.217.169.4,10.8.0.1,
12,1612538095,10.8.0.1,172.217.169.4,
13,1612538095,10.8.0.1,172.217.169.4,
14,1612538098,10.8.0.1,216.58.212.197,
14,1612538098,216.58.212.197,10.8.0.1,
14,1612538098,10.8.0.1,216.58.212.197,
14,1612538098,10.8.0.1,216.58.212.197,517
14,1612538098,216.58.212.197,10.8.0.1,
14,1612538098,216.58.212.197,10.8.0.1,156
14,1612538098,10.8.0.1,216.58.212.197,
14,1612538098,10.8.0.1,216.58.212.197,51
14,1612538098,216.58.212.197,10.8.0.1,
14,1612538098,10.8.0.1,216.58.212.197,536
14,1612538098,216.58.212.197,10.8.0.1,
14,1612538098,10.8.0.1,216.58.212.197,536
14,1612538098,216.58.212.197,10.8.0.1,
14,1612538098,10.8.0.1,216.58.212.197,76
14,1612538098,216.58.212.197,10.8.0.1,
14,1612538098,216.58.212.197,10.8.0.1,107
10,1612538098,10.8.0.1,216.58.212.197,66
10,1612538098,216.58.212.197,10.8.0.1,
10,1612538098,216.58.212.197,10.8.0.1,
14,1612538098,10.8.0.1,216.58.212.197,38
14,1612538098,216.58.212.197,10.8.0.1,
14,1612538098,216.58.212.197,10.8.0.1,1328
14,1612538098,10.8.0.1,216.58.212.197,46
14,1612538098,216.58.212.197,10.8.0.1,
6,1612538111,10.8.0.1,46.4.77.182,42
6,1612538111,46.4.77.182,10.8.0.1,
6,1612538111,46.4.77.182,10.8.0.1,14480
6,1612538111,10.8.0.1,46.4.77.182,
6,1612538111,46.4.77.182,10.8.0.1,41992
6,1612538111,10.8.0.1,46.4.77.182,
6,1612538111,46.4.77.182,10.8.0.1,46828
6,1612538111,10.8.0.1,46.4.77.182,
6,1612538111,46.4.77.182,10.8.0.1,46828
6,1612538111,10.8.0.1,46.4.77.182,
6,1612538111,46.4.77.182,10.8.0.1,46828
6,1612538111,10.8.0.1,46.4.77.182,
6,1612538111,46.4.77.182,10.8.0.1,46828
6,1612538111,10.8.0.1,46.4.77.182,
6,1612538111,46.4.77.182,10.8.0.1,46828
6,1612538111,10.8.0.1,46.4.77.182,
6,1612538111,46.4.77.182,10.8.0.1,46828
6,1612538111,10.8.0.1,46.4.77.182,
6,1612538111,46.4.77.182,10.8.0.1,46828
6,1612538111,10.8.0.1,46.4.77.182,
6,1612538111,46.4.77.182,10.8.0.1,46828
6,1612538111,10.8.0.1,46.4.77.182,
6,1612538111,46.4.77.182,10.8.0.1,46828
6,1612538111,10.8.0.1,46.4.77.182,
6,1612538111,46.4.77.182,10.8.0.1,46828
6,1612538111,10.8.0.1,46.4.77.182,
6,1612538111,46.4.77.182,10.8.0.1,46828
6,1612538112,10.8.0.1,46.4.77.182,
6,1612538112,46.4.77.182,10.8.0.1,46828
6,1612538112,10.8.0.1,46.4.77.182,
6,1612538112,46.4.77.182,10.8.0.1,46828
6,1612538112,10.8.0.1,46.4.77.182,
6,1612538112,46.4.77.182,10.8.0.1,46828
6,1612538112,10.8.0.1,46.4.77.182,
6,1612538112,46.4.77.182,10.8.0.1,46828
6,1612538112,10.8.0.1,46.4.77.182,
6,1612538112,46.4.77.182,10.8.0.1,46828
6,1612538112,10.8.0.1,46.4.77.182,
6,1612538112,46.4.77.182,10.8.0.1,46828
6,1612538112,10.8.0.1,46.4.77.182,
6,1612538112,46.4.77.182,10.8.0.1,46828
6,1612538112,10.8.0.1,46.4.77.182,
6,1612538112,46.4.77.182,10.8.0.1,46828
6,1612538112,10.8.0.1,46.4.77.182,
6,1612538112,46.4.77.182,10.8.0.1,46828
6,1612538112,10.8.0.1,46.4.77.182,
6,1612538112,46.4.77.182,10.8.0.1,46828
6,1612538112,10.8.0.1,46.4.77.182,
6,1612538112,46.4.77.182,10.8.0.1,46828
6,1612538112,10.8.0.1,46.4.77.182,
6,1612538112,46.4.77.182,10.8.0.1,46828
6,1612538112,10.8.0.1,46.4.77.182,
6,1612538112,46.4.77.182,10.8.0.1,46828
6,1612538112,10.8.0.1,46.4.77.182,
6,1612538112,46.4.77.182,10.8.0.1,46828
6,1612538112,10.8.0.1,46.4.77.182,
6,1612538112,46.4.77.182,10.8.0.1,46828
6,1612538112,10.8.0.1,46.4.77.182,
6,1612538112,46.4.77.182,10.8.0.1,46828
6,1612538112,10.8.0.1,46.4.77.182,
6,1612538112,46.4.77.182,10.8.0.1,46828
6,1612538112,10.8.0.1,46.4.77.182,
6,1612538112,46.4.77.182,10.8.0.1,46828
6,1612538112,10.8.0.1,46.4.77.182,
6,1612538112,46.4.77.182,10.8.0.1,46828
6,1612538112,10.8.0.1,46.4.77.182,
6,1612538112,46.4.77.182,10.8.0.1,46828
6,1612538113,10.8.0.1,46.4.77.182,
6,1612538113,46.4.77.182,10.8.0.1,46828
6,1612538113,10.8.0.1,46.4.77.182,
6,1612538113,46.4.77.182,10.8.0.1,46828
6,1612538113,10.8.0.1,46.4.77.182,
6,1612538113,46.4.77.182,10.8.0.1,46828
6,1612538113,10.8.0.1,46.4.77.182,
6,1612538113,46.4.77.182,10.8.0.1,46828
6,1612538113,10.8.0.1,46.4.77.182,
6,1612538113,46.4.77.182,10.8.0.1,46828
6,1612538113,10.8.0.1,46.4.77.182,
6,1612538113,46.4.77.182,10.8.0.1,46828
6,1612538113,10.8.0.1,46.4.77.182,
6,1612538113,46.4.77.182,10.8.0.1,46828
6,1612538113,10.8.0.1,46.4.77.182,
6,1612538113,46.4.77.182,10.8.0.1,46828
6,1612538113,10.8.0.1,46.4.77.182,
6,1612538113,46.4.77.182,10.8.0.1,46828
6,1612538113,10.8.0.1,46.4.77.182,
6,1612538113,46.4.77.182,10.8.0.1,46828
6,1612538113,10.8.0.1,46.4.77.182,
6,1612538113,46.4.77.182,10.8.0.1,46828
6,1612538113,10.8.0.1,46.4.77.182,
6,1612538113,46.4.77.182,10.8.0.1,46828
6,1612538113,10.8.0.1,46.4.77.182,
6,1612538113,46.4.77.182,10.8.0.1,46828
6,1612538113,10.8.0.1,46.4.77.182,
6,1612538113,46.4.77.182,10.8.0.1,46828
6,1612538113,10.8.0.1,46.4.77.182,
6,1612538113,46.4.77.182,10.8.0.1,46828
6,1612538113,10.8.0.1,46.4.77.182,
6,1612538113,46.4.77.182,10.8.0.1,46828
6,1612538113,10.8.0.1,46.4.77.182,
6,1612538113,46.4.77.182,10.8.0.1,46828
6,1612538113,10.8.0.1,46.4.77.182,
6,1612538113,46.4.77.182,10.8.0.1,46828
6,1612538113,10.8.0.1,46.4.77.182,
6,1612538113,46.4.77.182,10.8.0.1,46828
6,1612538114,10.8.0.1,46.4.77.182,
6,1612538114,46.4.77.182,10.8.0.1,46828
6,1612538114,10.8.0.1,46.4.77.182,
6,1612538114,46.4.77.182,10.8.0.1,46828
6,1612538114,10.8.0.1,46.4.77.182,
6,1612538114,46.4.77.182,10.8.0.1,46828
6,1612538114,10.8.0.1,46.4.77.182,
6,1612538114,46.4.77.182,10.8.0.1,46828
6,1612538114,10.8.0.1,46.4.77.182,
6,1612538114,46.4.77.182,10.8.0.1,46828
6,1612538114,10.8.0.1,46.4.77.182,
6,1612538114,46.4.77.182,10.8.0.1,46828
6,1612538114,10.8.0.1,46.4.77.182,
6,1612538114,46.4.77.182,10.8.0.1,46828
6,1612538114,10.8.0.1,46.4.77.182,
6,1612538114,46.4.77.182,10.8.0.1,46828
6,1612538114,10.8.0.1,46.4.77.182,
6,1612538114,46.4.77.182,10.8.0.1,46828
6,1612538114,10.8.0.1,46.4.77.182,
6,1612538114,46.4.77.182,10.8.0.1,46828
6,1612538114,10.8.0.1,46.4.77.182,
6,1612538114,46.4.77.182,10.8.0.1,46828
6,1612538114,10.8.0.1,46.4.77.182,
6,1612538114,46.4.77.182,10.8.0.1,46828
6,1612538114,10.8.0.1,46.4.77.182,
6,1612538114,46.4.77.182,10.8.0.1,46828
6,1612538114,10.8.0.1,46.4.77.182,
6,1612538114,46.4.77.182,10.8.0.1,46828
6,1612538114,10.8.0.1,46.4.77.182,
6,1612538114,46.4.77.182,10.8.0.1,46828
6,1612538114,10.8.0.1,46.4.77.182,
6,1612538114,46.4.77.182,10.8.0.1,46828
6,1612538114,10.8.0.1,46.4.77.182,
6,1612538114,46.4.77.182,10.8.0.1,9105
6,1612538114,10.8.0.1,46.4.77.182,
10,1612538127,10.8.0.1,216.58.212.197,65
10,1612538127,216.58.212.197,10.8.0.1,
10,1612538127,216.58.212.197,10.8.0.1,
15,1612538128,10.8.0.1,216.58.212.229,
15,1612538128,216.58.212.229,10.8.0.1,
15,1612538128,10.8.0.1,216.58.212.229,
15,1612538128,10.8.0.1,216.58.212.229,183
15,1612538128,216.58.212.229,10.8.0.1,
15,1612538128,216.58.212.229,10.8.0.1,2574
15,1612538128,10.8.0.1,216.58.212.229,
15,1612538128,10.8.0.1,216.58.212.229,93
15,1612538128,216.58.212.229,10.8.0.1,
15,1612538128,10.8.0.1,216.58.212.229,536
15,1612538128,216.58.212.229,10.8.0.1,
15,1612538128,10.8.0.1,216.58.212.229,536
15,1612538128,216.58.212.229,10.8.0.1,
15,1612538128,10.8.0.1,216.58.212.229,38
15,1612538128,216.58.212.229,10.8.0.1,
15,1612538128,216.58.212.229,10.8.0.1,399
15,1612538128,10.8.0.1,216.58.212.229,38
15,1612538128,216.58.212.229,10.8.0.1,
15,1612538128,216.58.212.229,10.8.0.1,3168
15,1612538128,10.8.0.1,216.58.212.229,46
15,1612538128,216.58.212.229,10.8.0.1,
15,1612538129,10.8.0.1,216.58.212.229,536
15,1612538129,216.58.212.229,10.8.0.1,
15,1612538129,10.8.0.1,216.58.212.229,536
15,1612538129,216.58.212.229,10.8.0.1,
15,1612538129,10.8.0.1,216.58.212.229,367
15,1612538129,216.58.212.229,10.8.0.1,
15,1612538129,216.58.212.229,10.8.0.1,120
15,1612538129,10.8.0.1,216.58.212.229,
15,1612538129,216.58.212.229,10.8.0.1,84
15,1612538129,10.8.0.1,216.58.212.229,
15,1612538129,10.8.0.1,216.58.212.229,46
15,1612538129,216.58.212.229,10.8.0.1,
6,1612538138,10.8.0.1,46.4.77.182,42
6,1612538138,46.4.77.182,10.8.0.1,
6,1612538138,10.8.0.1,46.4.77.182,42
6,1612538138,46.4.77.182,10.8.0.1,
6,1612538138,46.4.77.182,10.8.0.1,1448
6,1612538138,10.8.0.1,46.4.77.182,
6,1612538138,46.4.77.182,10.8.0.1,41992
6,1612538138,10.8.0.1,46.4.77.182,
6,1612538138,46.4.77.182,10.8.0.1,46828
6,1612538138,10.8.0.1,46.4.77.182,
6,1612538138,46.4.77.182,10.8.0.1,46828
6,1612538138,10.8.0.1,46.4.77.182,
6,1612538138,46.4.77.182,10.8.0.1,46828
6,1612538138,10.8.0.1,46.4.77.182,
6,1612538138,46.4.77.182,10.8.0.1,46828
6,1612538138,10.8.0.1,46.4.77.182,
6,1612538138,46.4.77.182,10.8.0.1,46828
6,1612538138,10.8.0.1,46.4.77.182,
6,1612538138,46.4.77.182,10.8.0.1,46828
6,1612538138,10.8.0.1,46.4.77.182,
6,1612538138,46.4.77.182,10.8.0.1,46828
6,1612538138,10.8.0.1,46.4.77.182,
6,1612538138,46.4.77.182,10.8.0.1,46828
6,1612538138,10.8.0.1,46.4.77.182,
6,1612538138,46.4.77.182,10.8.0.1,46828
6,1612538138,10.8.0.1,46.4.77.182,
6,1612538138,46.4.77.182,10.8.0.1,46828
6,1612538138,10.8.0.1,46.4.77.182,
6,1612538138,46.4.77.182,10.8.0.1,46828
6,1612538138,10.8.0.1,46.4.77.182,
6,1612538138,46.4.77.182,10.8.0.1,46828
6,1612538138,10.8.0.1,46.4.77.182,
6,1612538138,46.4.77.182,10.8.0.1,46828
6,1612538138,10.8.0.1,46.4.77.182,
6,1612538138,46.4.77.182,10.8.0.1,46828
6,1612538138,10.8.0.1,46.4.77.182,
6,1612538138,46.4.77.182,10.8.0.1,46828
6,1612538138,10.8.0.1,46.4.77.182,
6,1612538138,46.4.77.182,10.8.0.1,46828
6,1612538139,10.8.0.1,46.4.77.182,
6,1612538139,46.4.77.182,10.8.0.1,46828
6,1612538139,10.8.0.1,46.4.77.182,
6,1612538139,46.4.77.182,10.8.0.1,46828
6,1612538139,10.8.0.1,46.4.77.182,
6,1612538139,46.4.77.182,10.8.0.1,46828
6,1612538139,10.8.0.1,46.4.77.182,
6,1612538139,46.4.77.182,10.8.0.1,46828
6,1612538139,10.8.0.1,46.4.77.182,
6,1612538139,46.4.77.182,10.8.0.1,46828
6,1612538139,10.8.0.1,46.4.77.182,
6,1612538139,46.4.77.182,10.8.0.1,46828
6,1612538139,10.8.0.1,46.4.77.182,
6,1612538139,46.4.77.182,10.8.0.1,46828
6,1612538139,10.8.0.1,46.4.77.182,
6,1612538139,46.4.77.182,10.8.0.1,46828
6,1612538139,10.8.0.1,46.4.77.182,
6,1612538139,46.4.77.182,10.8.0.1,46828
6,1612538139,10.8.0.1,46.4.77.182,
6,1612538139,46.4.77.182,10.8.0.1,46828
6,1612538139,10.8.0.1,46.4.77.182,
6,1612538139,46.4.77.182,10.8.0.1,46828
6,1612538139,10.8.0.1,46.4.77.182,
6,1612538139,46.4.77.182,10.8.0.1,46828
6,1612538139,10.8.0.1,46.4.77.182,
6,1612538139,46.4.77.182,10.8.0.1,46828
6,1612538139,10.8.0.1,46.4.77.182,
6,1612538139,46.4.77.182,10.8.0.1,46828
6,1612538139,10.8.0.1,46.4.77.182,
6,1612538139,46.4.77.182,10.8.0.1,46828
6,1612538139,10.8.0.1,46.4.77.182,
6,1612538139,46.4.77.182,10.8.0.1,46828
6,1612538139,10.8.0.1,46.4.77.182,
6,1612538139,46.4.77.182,10.8.0.1,46828
6,1612538139,10.8.0.1,46.4.77.182,
6,1612538139,46.4.77.182,10.8.0.1,46828
6,1612538139,10.8.0.1,46.4.77.182,
6,1612538139,46.4.77.182,10.8.0.1,46828
6,1612538139,10.8.0.1,46.4.77.182,
6,1612538139,46.4.77.182,10.8.0.1,46828
6,1612538140,10.8.0.1,46.4.77.182,
6,1612538140,46.4.77.182,10.8.0.1,46828
6,1612538140,10.8.0.1,46.4.77.182,
6,1612538140,46.4.77.182,10.8.0.1,46828
6,1612538140,10.8.0.1,46.4.77.182,
6,1612538140,46.4.77.182,10.8.0.1,46828
6,1612538140,10.8.0.1,46.4.77.182,
6,1612538140,46.4.77.182,10.8.0.1,46828
6,1612538140,10.8.0.1,46.4.77.182,
6,1612538140,46.4.77.182,10.8.0.1,46828
6,1612538140,10.8.0.1,46.4.77.182,
6,1612538140,46.4.77.182,10.8.0.1,46828
6,1612538140,10.8.0.1,46.4.77.182,
6,1612538140,46.4.77.182,10.8.0.1,46828
6,1612538140,10.8.0.1,46.4.77.182,
6,1612538140,46.4.77.182,10.8.0.1,46828
6,1612538140,10.8.0.1,46.4.77.182,
6,1612538140,46.4.77.182,10.8.0.1,46828
6,1612538140,10.8.0.1,46.4.77.182,
6,1612538140,46.4.77.182,10.8.0.1,46828
6,1612538140,10.8.0.1,46.4.77.182,
6,1612538140,46.4.77.182,10.8.0.1,46828
6,1612538140,10.8.0.1,46.4.77.182,
6,1612538140,46.4.77.182,10.8.0.1,46828
6,1612538140,10.8.0.1,46.4.77.182,
6,1612538140,46.4.77.182,10.8.0.1,46828
6,1612538140,10.8.0.1,46.4.77.182,
6,1612538140,46.4.77.182,10.8.0.1,46828
6,1612538140,10.8.0.1,46.4.77.182,
6,1612538140,46.4.77.182,10.8.0.1,46828
6,1612538140,10.8.0.1,46.4.77.182,
6,1612538140,46.4.77.182,10.8.0.1,46828
6,1612538140,10.8.0.1,46.4.77.182,
6,1612538140,46.4.77.182,10.8.0.1,46828
6,1612538140,10.8.0.1,46.4.77.182,
6,1612538140,46.4.77.182,10.8.0.1,46828
6,1612538140,10.8.0.1,46.4.77.182,
6,1612538140,46.4.77.182,10.8.0.1,46828
6,1612538141,10.8.0.1,46.4.77.182,
6,1612538141,46.4.77.182,10.8.0.1,46828
6,1612538141,10.8.0.1,46.4.77.182,
6,1612538141,46.4.77.182,10.8.0.1,46828
6,1612538141,10.8.0.1,46.4.77.182,
6,1612538141,46.4.77.182,10.8.0.1,46828
6,1612538141,10.8.0.1,46.4.77.182,
6,1612538141,46.4.77.182,10.8.0.1,46828
6,1612538141,10.8.0.1,46.4.77.182,
6,1612538141,46.4.77.182,10.8.0.1,46828
6,1612538141,10.8.0.1,46.4.77.182,
6,1612538141,46.4.77.182,10.8.0.1,46828
6,1612538141,10.8.0.1,46.4.77.182,
6,1612538141,46.4.77.182,10.8.0.1,46828
6,1612538141,10.8.0.1,46.4.77.182,
6,1612538141,46.4.77.182,10.8.0.1,46828
6,1612538141,10.8.0.1,46.4.77.182,
6,1612538141,46.4.77.182,10.8.0.1,46828
6,1612538141,10.8.0.1,46.4.77.182,
6,1612538141,46.4.77.182,10.8.0.1,46828
6,1612538141,10.8.0.1,46.4.77.182,
6,1612538141,46.4.77.182,10.8.0.1,46828
6,1612538141,10.8.0.1,46.4.77.182,
6,1612538141,46.4.77.182,10.8.0.1,30214
6,1612538141,10.8.0.1,46.4.77.182,
5,1612538145,10.8.0.1,129.102.3.227,
5,1612538145,129.102.3.227,10.8.0.1,
5,1612538145,129.102.3.227,10.8.0.1,
12,1612538145,10.8.0.1,172.217.169.4,
12,1612538145,172.217.169.4,10.8.0.1,
12,1612538145,172.217.169.4,10.8.0.1,
13,1612538145,10.8.0.1,172.217.169.4,
13,1612538145,172.217.169.4,10.8.0.1,
13,1612538145,172.217.169.4,10.8.0.1,
5,1612538145,10.8.0.1,129.102.3.227,
16,1612538145,10.8.0.1,172.217.169.4,
16,1612538145,172.217.169.4,10.8.0.1,
17,1612538145,10.8.0.1,172.217.169.4,
17,1612538145,172.217.169.4,10.8.0.1,
12,1612538145,10.8.0.1,172.217.169.4,
13,1612538145,10.8.0.1,172.217.169.4,
16,1612538145,10.8.0.1,172.217.169.4,
16,1612538145,10.8.0.1,172.217.169.4,517
16,1612538145,172.217.169.4,10.8.0.1,
17,1612538145,10.8.0.1,172.217.169.4,
17,1612538145,10.8.0.1,172.217.169.4,517
17,1612538145,172.217.169.4,10.8.0.1,
17,1612538145,172.217.169.4,10.8.0.1,2631
16,1612538145,172.217.169.4,10.8.0.1,2631
18,1612538145,10.8.0.1,129.102.3.227,
18,1612538145,129.102.3.227,10.8.0.1,
17,1612538145,10.8.0.1,172.217.169.4,
16,1612538145,10.8.0.1,172.217.169.4,
18,1612538145,10.8.0.1,129.102.3.227,
17,1612538145,10.8.0.1,172.217.169.4,64
17,1612538145,172.217.169.4,10.8.0.1,
16,1612538145,10.8.0.1,172.217.169.4,64
16,1612538145,172.217.169.4,10.8.0.1,
18,1612538145,10.8.0.1,129.102.3.227,521
18,1612538145,129.102.3.227,10.8.0.1,
18,1612538145,129.102.3.227,10.8.0.1,150
18,1612538145,10.8.0.1,129.102.3.227,
18,1612538145,10.8.0.1,129.102.3.227,51
18,1612538145,129.102.3.227,10.8.0.1,
18,1612538145,129.102.3.227,10.8.0.1,69
18,1612538145,10.8.0.1,129.102.3.227,
17,1612538155,172.217.169.4,10.8.0.1,
16,1612538155,172.217.169.4,10.8.0.1,
17,1612538155,10.8.0.1,172.217.169.4,
16,1612538155,10.8.0.1,172.217.169.4,
19,1612538161,10.8.0.1,216.58.213.10,
19,1612538161,216.58.213.10,10.8.0.1,
19,1612538161,10.8.0.1,216.58.213.10,
19,1612538161,10.8.0.1,216.58.213.10,185
19,1612538161,216.58.213.10,10.8.0.1,
19,1612538161,216.58.213.10,10.8.0.1,2954
19,1612538161,10.8.0.1,216.58.213.10,
19,1612538161,10.8.0.1,216.58.213.10,93
19,1612538161,216.58.213.10,10.8.0.1,
19,1612538161,10.8.0.1,216.58.213.10,220
19,1612538161,216.58.213.10,10.8.0.1,
19,1612538161,216.58.213.10,10.8.0.1,292
19,1612538161,10.8.0.1,216.58.213.10,
19,1612538161,216.58.213.10,10.8.0.1,1220
19,1612538161,10.8.0.1,216.58.213.10,
19,1612538161,10.8.0.1,216.58.213.10,536
19,1612538161,216.58.213.10,10.8.0.1,
19,1612538161,10.8.0.1,216.58.213.10,536
19,1612538161,216.58.213.10,10.8.0.1,
19,1612538161,10.8.0.1,216.58.213.10,536
19,1612538161,216.58.213.10,10.8.0.1,
19,1612538161,10.8.0.1,216.58.213.10,23
19,1612538161,216.58.213.10,10.8.0.1,
19,1612538161,216.58.213.10,10.8.0.1,789
19,1612538161,10.8.0.1,216.58.213.10,
6,1612538175,10.8.0.1,46.4.77.182,42
6,1612538175,46.4.77.182,10.8.0.1,
6,1612538175,46.4.77.182,10.8.0.1,14480
6,1612538175,10.8.0.1,46.4.77.182,
6,1612538175,46.4.77.182,10.8.0.1,43440
6,1612538175,10.8.0.1,46.4.77.182,
6,1612538175,46.4.77.182,10.8.0.1,46828
6,1612538175,10.8.0.1,46.4.77.182,
6,1612538175,46.4.77.182,10.8.0.1,46828
6,1612538175,10.8.0.1,46.4.77.182,
6,1612538175,46.4.77.182,10.8.0.1,46828
6,1612538175,10.8.0.1,46.4.77.182,
6,1612538175,46.4.77.182,10.8.0.1,46828
6,1612538175,10.8.0.1,46.4.77.182,
6,1612538175,46.4.77.182,10.8.0.1,46828
6,1612538175,10.8.0.1,46.4.77.182,
6,1612538175,46.4.77.182,10.8.0.1,46828
6,1612538175,10.8.0.1,46.4.77.182,
6,1612538175,46.4.77.182,10.8.0.1,46828
6,1612538175,10.8.0.1,46.4.77.182,
6,1612538175,46.4.77.182,10.8.0.1,46828
6,1612538176,10.8.0.1,46.4.77.182,
6,1612538176,46.4.77.182,10.8.0.1,46828
6,1612538176,10.8.0.1,46.4.77.182,
6,1612538176,46.4.77.182,10.8.0.1,46828
6,1612538176,10.8.0.1,46.4.77.182,
6,1612538176,46.4.77.182,10.8.0.1,46828
6,1612538176,10.8.0.1,46.4.77.182,
6,1612538176,46.4.77.182,10.8.0.1,46828
6,1612538176,10.8.0.1,46.4.77.182,
6,1612538176,46.4.77.182,10.8.0.1,46828
6,1612538176,10.8.0.1,46.4.77.182,
6,1612538176,46.4.77.182,10.8.0.1,46828
6,1612538176,10.8.0.1,46.4.77.182,
6,1612538176,46.4.77.182,10.8.0.1,46828
6,1612538176,10.8.0.1,46.4.77.182,
6,1612538176,46.4.77.182,10.8.0.1,46828
6,1612538176,10.8.0.1,46.4.77.182,
6,1612538176,46.4.77.182,10.8.0.1,46828
6,1612538176,10.8.0.1,46.4.77.182,
6,1612538176,46.4.77.182,10.8.0.1,46828
6,1612538176,10.8.0.1,46.4.77.182,
6,1612538176,46.4.77.182,10.8.0.1,46828
6,1612538176,10.8.0.1,46.4.77.182,
6,1612538176,46.4.77.182,10.8.0.1,46828
6,1612538176,10.8.0.1,46.4.77.182,
6,1612538176,46.4.77.182,10.8.0.1,46828
6,1612538176,10.8.0.1,46.4.77.182,
6,1612538176,46.4.77.182,10.8.0.1,46828
6,1612538176,10.8.0.1,46.4.77.182,
6,1612538176,46.4.77.182,10.8.0.1,46828
6,1612538176,10.8.0.1,46.4.77.182,
6,1612538176,46.4.77.182,10.8.0.1,46828
6,1612538176,10.8.0.1,46.4.77.182,
6,1612538176,46.4.77.182,10.8.0.1,46828
6,1612538176,10.8.0.1,46.4.77.182,
6,1612538176,46.4.77.182,10.8.0.1,46828
6,1612538176,10.8.0.1,46.4.77.182,
6,1612538176,46.4.77.182,10.8.0.1,46828
6,1612538177,10.8.0.1,46.4.77.182,
6,1612538177,46.4.77.182,10.8.0.1,46828
6,1612538177,10.8.0.1,46.4.77.182,
6,1612538177,46.4.77.182,10.8.0.1,46828
6,1612538177,10.8.0.1,46.4.77.182,
6,1612538177,46.4.77.182,10.8.0.1,46828
6,1612538177,10.8.0.1,46.4.77.182,
6,1612538177,46.4.77.182,10.8.0.1,46828
6,1612538177,10.8.0.1,46.4.77.182,
6,1612538177,46.4.77.182,10.8.0.1,46828
6,1612538177,10.8.0.1,46.4.77.182,
6,1612538177,46.4.77.182,10.8.0.1,46828
6,1612538177,10.8.0.1,46.4.77.182,
6,1612538177,46.4.77.182,10.8.0.1,46828
6,1612538177,10.8.0.1,46.4.77.182,
6,1612538177,46.4.77.182,10.8.0.1,46828
6,1612538177,10.8.0.1,46.4.77.182,
6,1612538177,46.4.77.182,10.8.0.1,46828
6,1612538177,10.8.0.1,46.4.77.182,
6,1612538177,46.4.77.182,10.8.0.1,46828
6,1612538177,10.8.0.1,46.4.77.182,
6,1612538177,46.4.77.182,10.8.0.1,46828
6,1612538177,10.8.0.1,46.4.77.182,
6,1612538177,46.4.77.182,10.8.0.1,46828
6,1612538177,10.8.0.1,46.4.77.182,
6,1612538177,46.4.77.182,10.8.0.1,46828
6,1612538177,10.8.0.1,46.4.77.182,
6,1612538177,46.4.77.182,10.8.0.1,46828
6,1612538177,10.8.0.1,46.4.77.182,
6,1612538177,46.4.77.182,10.8.0.1,46828
6,1612538177,10.8.0.1,46.4.77.182,
6,1612538177,46.4.77.182,10.8.0.1,46828
6,1612538177,10.8.0.1,46.4.77.182,
6,1612538177,46.4.77.182,10.8.0.1,46828
6,1612538177,10.8.0.1,46.4.77.182,
6,1612538177,46.4.77.182,10.8.0.1,46828
6,1612538177,10.8.0.1,46.4.77.182,
6,1612538177,46.4.77.182,10.8.0.1,46828
6,1612538178,10.8.0.1,46.4.77.182,
6,1612538178,46.4.77.182,10.8.0.1,46828
6,1612538178,10.8.0.1,46.4.77.182,
6,1612538178,46.4.77.182,10.8.0.1,46828
6,1612538178,10.8.0.1,46.4.77.182,
6,1612538178,46.4.77.182,10.8.0.1,46828
6,1612538178,10.8.0.1,46.4.77.182,
6,1612538178,46.4.77.182,10.8.0.1,46828
6,1612538178,10.8.0.1,46.4.77.182,
6,1612538178,46.4.77.182,10.8.0.1,46828
6,1612538178,10.8.0.1,46.4.77.182,
6,1612538178,46.4.77.182,10.8.0.1,46828
6,1612538178,10.8.0.1,46.4.77.182,
6,1612538178,46.4.77.182,10.8.0.1,46828
6,1612538178,10.8.0.1,46.4.77.182,
6,1612538178,46.4.77.182,10.8.0.1,46828
6,1612538178,10.8.0.1,46.4.77.182,
6,1612538178,46.4.77.182,10.8.0.1,46828
6,1612538178,10.8.0.1,46.4.77.182,
6,1612538178,46.4.77.182,10.8.0.1,46828
6,1612538178,10.8.0.1,46.4.77.182,
6,1612538178,46.4.77.182,10.8.0.1,46828
6,1612538178,10.8.0.1,46.4.77.182,
6,1612538178,46.4.77.182,10.8.0.1,46828
6,1612538178,10.8.0.1,46.4.77.182,
6,1612538178,46.4.77.182,10.8.0.1,46828
6,1612538178,10.8.0.1,46.4.77.182,
6,1612538178,46.4.77.182,10.8.0.1,46828
6,1612538178,10.8.0.1,46.4.77.182,
6,1612538178,46.4.77.182,10.8.0.1,46828
6,1612538178,10.8.0.1,46.4.77.182,
6,1612538178,46.4.77.182,10.8.0.1,46828
6,1612538178,10.8.0.1,46.4.77.182,
6,1612538178,46.4.77.182,10.8.0.1,46828
6,1612538178,10.8.0.1,46.4.77.182,
6,1612538178,46.4.77.182,10.8.0.1,46828
6,1612538178,10.8.0.1,46.4.77.182,
6,1612538178,46.4.77.182,10.8.0.1,46828
6,1612538179,10.8.0.1,46.4.77.182,
6,1612538179,46.4.77.182,10.8.0.1,46828
6,1612538179,10.8.0.1,46.4.77.182,
6,1612538179,46.4.77.182,10.8.0.1,7657
6,1612538179,10.8.0.1,46.4.77.182,
10,1612538187,10.8.0.1,216.58.212.197,64
10,1612538187,216.58.212.197,10.8.0.1,
10,1612538187,216.58.212.197,10.8.0.1,
16,1612538205,10.8.0.1,172.217.169.4,
16,1612538205,172.217.169.4,10.8.0.1,
16,1612538205,172.217.169.4,10.8.0.1,
17,1612538205,10.8.0.1,172.217.169.4,
17,1612538205,172.217.169.4,10.8.0.1,
17,1612538205,172.217.169.4,10.8.0.1,
16,1612538205,10.8.0.1,172.217.169.4,
17,1612538205,10.8.0.1,172.217.169.4,
20,1612538205,10.8.0.1,172.217.169.4,
20,1612538205,172.217.169.4,10.8.0.1,
21,1612538205,10.8.0.1,172.217.169.4,
21,1612538205,172.217.169.4,10.8.0.1,
20,1612538205,10.8.0.1,172.217.169.4,
20,1612538205,10.8.0.1,172.217.169.4,517
20,1612538205,172.217.169.4,10.8.0.1,
21,1612538205,10.8.0.1,172.217.169.4,
21,1612538205,10.8.0.1,172.217.169.4,517
21,1612538205,172.217.169.4,10.8.0.1,
20,1612538205,172.217.169.4,10.8.0.1,2631
20,1612538205,10.8.0.1,172.217.169.4,
20,1612538205,10.8.0.1,172.217.169.4,64
20,1612538205,172.217.169.4,10.8.0.1,
21,1612538205,172.217.169.4,10.8.0.1,2631
21,1612538205,10.8.0.1,172.217.169.4,
21,1612538205,10.8.0.1,172.217.169.4,64
21,1612538205,172.217.169.4,10.8.0.1,
6,1612538206,10.8.0.1,46.4.77.182,42
6,1612538206,46.4.77.182,10.8.0.1,
6,1612538207,46.4.77.182,10.8.0.1,14480
6,1612538207,10.8.0.1,46.4.77.182,
6,1612538207,46.4.77.182,10.8.0.1,28960
6,1612538207,10.8.0.1,46.4.77.182,
6,1612538207,46.4.77.182,10.8.0.1,46828
6,1612538207,10.8.0.1,46.4.77.182,
6,1612538207,46.4.77.182,10.8.0.1,46828
6,1612538207,10.8.0.1,46.4.77.182,
6,1612538207,46.4.77.182,10.8.0.1,46828
6,1612538207,10.8.0.1,46.4.77.182,
6,1612538207,46.4.77.182,10.8.0.1,46828
6,1612538207,10.8.0.1,46.4.77.182,
6,1612538207,46.4.77.182,10.8.0.1,46828
6,1612538207,10.8.0.1,46.4.77.182,
6,1612538207,46.4.77.182,10.8.0.1,46828
6,1612538207,10.8.0.1,46.4.77.182,
6,1612538207,46.4.77.182,10.8.0.1,46828
6,1612538207,10.8.0.1,46.4.77.182,
6,1612538207,46.4.77.182,10.8.0.1,46828
6,1612538207,10.8.0.1,46.4.77.182,
6,1612538207,46.4.77.182,10.8.0.1,46828
6,1612538207,10.8.0.1,46.4.77.182,
6,1612538207,46.4.77.182,10.8.0.1,46828
6,1612538207,10.8.0.1,46.4.77.182,
6,1612538207,46.4.77.182,10.8.0.1,46828
6,1612538207,10.8.0.1,46.4.77.182,
6,1612538207,46.4.77.182,10.8.0.1,46828
6,1612538207,10.8.0.1,46.4.77.182,
6,1612538207,46.4.77.182,10.8.0.1,46828
6,1612538207,10.8.0.1,46.4.77.182,
6,1612538207,46.4.77.182,10.8.0.1,46828
6,1612538207,10.8.0.1,46.4.77.182,
6,1612538207,46.4.77.182,10.8.0.1,46828
6,1612538207,10.8.0.1,46.4.77.182,
6,1612538207,46.4.77.182,10.8.0.1,46828
6,1612538207,10.8.0.1,46.4.77.182,
6,1612538207,46.4.77.182,10.8.0.1,46828
6,1612538208,10.8.0.1,46.4.77.182,
6,1612538208,46.4.77.182,10.8.0.1,46828
6,1612538208,10.8.0.1,46.4.77.182,
6,1612538208,46.4.77.182,10.8.0.1,46828
6,1612538208,10.8.0.1,46.4.77.182,
6,1612538208,46.4.77.182,10.8.0.1,46828
6,1612538208,10.8.0.1,46.4.77.182,
6,1612538208,46.4.77.182,10.8.0.1,46828
6,1612538208,10.8.0.1,46.4.77.182,
6,1612538208,46.4.77.182,10.8.0.1,46828
6,1612538208,10.8.0.1,46.4.77.182,
6,1612538208,46.4.77.182,10.8.0.1,46828
6,1612538208,10.8.0.1,46.4.77.182,
6,1612538208,46.4.77.182,10.8.0.1,46828
6,1612538208,10.8.0.1,46.4.77.182,
6,1612538208,46.4.77.182,10.8.0.1,46828
6,1612538208,10.8.0.1,46.4.77.182,
6,1612538208,46.4.77.182,10.8.0.1,46828
6,1612538208,10.8.0.1,46.4.77.182,
6,1612538208,46.4.77.182,10.8.0.1,46828
6,1612538208,10.8.0.1,46.4.77.182,
6,1612538208,46.4.77.182,10.8.0.1,46828
6,1612538208,10.8.0.1,46.4.77.182,
6,1612538208,46.4.77.182,10.8.0.1,46828
6,1612538208,10.8.0.1,46.4.77.182,
6,1612538208,46.4.77.182,10.8.0.1,46828
6,1612538208,10.8.0.1,46.4.77.182,
6,1612538208,46.4.77.182,10.8.0.1,46828
6,1612538208,10.8.0.1,46.4.77.182,
6,1612538208,46.4.77.182,10.8.0.1,46828
6,1612538208,10.8.0.1,46.4.77.182,
6,1612538208,46.4.77.182,10.8.0.1,46828
6,1612538208,10.8.0.1,46.4.77.182,
6,1612538208,46.4.77.182,10.8.0.1,46828
6,1612538208,10.8.0.1,46.4.77.182,
6,1612538208,46.4.77.182,10.8.0.1,46828
6,1612538208,10.8.0.1,46.4.77.182,
6,1612538208,46.4.77.182,10.8.0.1,46828
6,1612538209,10.8.0.1,46.4.77.182,
6,1612538209,46.4.77.182,10.8.0.1,46828
6,1612538209,10.8.0.1,46.4.77.182,
6,1612538209,46.4.77.182,10.8.0.1,46828
6,1612538209,10.8.0.1,46.4.77.182,
6,1612538209,46.4.77.182,10.8.0.1,46828
6,1612538209,10.8.0.1,46.4.77.182,
6,1612538209,46.4.77.182,10.8.0.1,46828
6,1612538209,10.8.0.1,46.4.77.182,
6,1612538209,46.4.77.182,10.8.0.1,46828
6,1612538209,10.8.0.1,46.4.77.182,
6,1612538209,46.4.77.182,10.8.0.1,46828
6,1612538209,10.8.0.1,46.4.77.182,
6,1612538209,46.4.77.182,10.8.0.1,46828
6,1612538209,10.8.0.1,46.4.77.182,
6,1612538209,46.4.77.182,10.8.0.1,46828
6,1612538209,10.8.0.1,46.4.77.182,
6,1612538209,46.4.77.182,10.8.0.1,46828
6,1612538209,10.8.0.1,46.4.77.182,
6,1612538209,46.4.77.182,10.8.0.1,46828
6,1612538209,10.8.0.1,46.4.77.182,
6,1612538209,46.4.77.182,10.8.0.1,46828
6,1612538209,10.8.0.1,46.4.77.182,
6,1612538209,46.4.77.182,10.8.0.1,46828
6,1612538209,10.8.0.1,46.4.77.182,
6,1612538209,46.4.77.182,10.8.0.1,46828
6,1612538209,10.8.0.1,46.4.77.182,
6,1612538209,46.4.77.182,10.8.0.1,46828
6,1612538209,10.8.0.1,46.4.77.182,
6,1612538209,46.4.77.182,10.8.0.1,46828
6,1612538209,10.8.0.1,46.4.77.182,
6,1612538209,46.4.77.182,10.8.0.1,46828
6,1612538209,10.8.0.1,46.4.77.182,
6,1612538209,46.4.77.182,10.8.0.1,46828
6,1612538209,10.8.0.1,46.4.77.182,
6,1612538209,46.4.77.182,10.8.0.1,46828
6,1612538209,10.8.0.1,46.4.77.182,
6,1612538209,46.4.77.182,10.8.0.1,46828
6,1612538210,10.8.0.1,46.4.77.182,
6,1612538210,46.4.77.182,10.8.0.1,46828
6,1612538210,10.8.0.1,46.4.77.182,
6,1612538210,46.4.77.182,10.8.0.1,46828
6,1612538210,10.8.0.1,46.4.77.182,
6,1612538210,46.4.77.182,10.8.0.1,46828
6,1612538210,10.8.0.1,46.4.77.182,
6,1612538210,46.4.77.182,10.8.0.1,46828
6,1612538210,10.8.0.1,46.4.77.182,
6,1612538210,46.4.77.182,10.8.0.1,46828
6,1612538210,10.8.0.1,46.4.77.182,
6,1612538210,46.4.77.182,10.8.0.1,46828
6,1612538210,10.8.0.1,46.4.77.182,
6,1612538210,46.4.77.182,10.8.0.1,46828
6,1612538210,10.8.0.1,46.4.77.182,
6,1612538210,46.4.77.182,10.8.0.1,46828
6,1612538210,10.8.0.1,46.4.77.182,
6,1612538210,46.4.77.182,10.8.0.1,46828
6,1612538210,10.8.0.1,46.4.77.182,
6,1612538210,46.4.77.182,10.8.0.1,46828
6,1612538210,10.8.0.1,46.4.77.182,
6,1612538210,46.4.77.182,10.8.0.1,46828
6,1612538210,10.8.0.1,46.4.77.182,
6,1612538210,46.4.77.182,10.8.0.1,30185
6,1612538210,10.8.0.1,46.4.77.182,
20,1612538215,172.217.169.4,10.8.0.1,
21,1612538215,172.217.169.4,10.8.0.1,
20,1612538215,10.8.0.1,172.217.169.4,
21,1612538215,10.8.0.1,172.217.169.4,
6,1612538222,10.8.0.1,46.4.77.182,42
6,1612538222,46.4.77.182,10.8.0.1,
6,1612538238,10.8.0.1,46.4.77.182,42
6,1612538238,46.4.77.182,10.8.0.1,
6,1612538238,46.4.77.182,10.8.0.1,14480
6,1612538238,10.8.0.1,46.4.77.182,
6,1612538238,46.4.77.182,10.8.0.1,37648
6,1612538238,10.8.0.1,46.4.77.182,
6,1612538238,46.4.77.182,10.8.0.1,46828
6,1612538238,10.8.0.1,46.4.77.182,
6,1612538238,46.4.77.182,10.8.0.1,46828
6,1612538238,10.8.0.1,46.4.77.182,
6,1612538238,46.4.77.182,10.8.0.1,46828
6,1612538238,10.8.0.1,46.4.77.182,
6,1612538238,46.4.77.182,10.8.0.1,46828
6,1612538238,10.8.0.1,46.4.77.182,
6,1612538238,46.4.77.182,10.8.0.1,46828
6,1612538238,10.8.0.1,46.4.77.182,
6,1612538238,46.4.77.182,10.8.0.1,46828
6,1612538238,10.8.0.1,46.4.77.182,
6,1612538238,46.4.77.182,10.8.0.1,46828
6,1612538238,10.8.0.1,46.4.77.182,
6,1612538238,46.4.77.182,10.8.0.1,46828
6,1612538238,10.8.0.1,46.4.77.182,
6,1612538238,46.4.77.182,10.8.0.1,46828
6,1612538238,10.8.0.1,46.4.77.182,
6,1612538238,46.4.77.182,10.8.0.1,46828
6,1612538238,10.8.0.1,46.4.77.182,
6,1612538238,46.4.77.182,10.8.0.1,46828
6,1612538238,10.8.0.1,46.4.77.182,
6,1612538238,46.4.77.182,10.8.0.1,46828
6,1612538239,10.8.0.1,46.4.77.182,
6,1612538239,46.4.77.182,10.8.0.1,46828
6,1612538239,10.8.0.1,46.4.77.182,
6,1612538239,46.4.77.182,10.8.0.1,46828
6,1612538239,10.8.0.1,46.4.77.182,
6,1612538239,46.4.77.182,10.8.0.1,46828
6,1612538239,10.8.0.1,46.4.77.182,
6,1612538239,46.4.77.182,10.8.0.1,46828
6,1612538239,10.8.0.1,46.4.77.182,
6,1612538239,46.4.77.182,10.8.0.1,46828
6,1612538239,10.8.0.1,46.4.77.182,
6,1612538239,46.4.77.182,10.8.0.1,46828
6,1612538239,10.8.0.1,46.4.77.182,
6,1612538239,46.4.77.182,10.8.0.1,46828
6,1612538239,10.8.0.1,46.4.77.182,
6,1612538239,46.4.77.182,10.8.0.1,46828
6,1612538239,10.8.0.1,46.4.77.182,
6,1612538239,46.4.77.182,10.8.0.1,46828
6,1612538239,10.8.0.1,46.4.77.182,
6,1612538239,46.4.77.182,10.8.0.1,46828
6,1612538239,10.8.0.1,46.4.77.182,
6,1612538239,46.4.77.182,10.8.0.1,46828
6,1612538239,10.8.0.1,46.4.77.182,
6,1612538239,46.4.77.182,10.8.0.1,46828
6,1612538239,10.8.0.1,46.4.77.182,
6,1612538239,46.4.77.182,10.8.0.1,46828
6,1612538239,10.8.0.1,46.4.77.182,
6,1612538239,46.4.77.182,10.8.0.1,46828
6,1612538239,10.8.0.1,46.4.77.182,
6,1612538239,46.4.77.182,10.8.0.1,46828
6,1612538239,10.8.0.1,46.4.77.182,
6,1612538239,46.4.77.182,10.8.0.1,46828
6,1612538239,10.8.0.1,46.4.77.182,
6,1612538239,46.4.77.182,10.8.0.1,46828
6,1612538239,10.8.0.1,46.4.77.182,
6,1612538239,46.4.77.182,10.8.0.1,46828
6,1612538239,10.8.0.1,46.4.77.182,
6,1612538239,46.4.77.182,10.8.0.1,46828
6,1612538239,10.8.0.1,46.4.77.182,
6,1612538239,46.4.77.182,10.8.0.1,46828
6,1612538240,10.8.0.1,46.4.77.182,
6,1612538240,46.4.77.182,10.8.0.1,46828
6,1612538240,10.8.0.1,46.4.77.182,
6,1612538240,46.4.77.182,10.8.0.1,46828
6,1612538240,10.8.0.1,46.4.77.182,
6,1612538240,46.4.77.182,10.8.0.1,46828
6,1612538240,10.8.0.1,46.4.77.182,
6,1612538240,46.4.77.182,10.8.0.1,46828
6,1612538240,10.8.0.1,46.4.77.182,
6,1612538240,46.4.77.182,10.8.0.1,46828
6,1612538240,10.8.0.1,46.4.77.182,
6,1612538240,46.4.77.182,10.8.0.1,46828
6,1612538240,10.8.0.1,46.4.77.182,
6,1612538240,46.4.77.182,10.8.0.1,46828
6,1612538240,10.8.0.1,46.4.77.182,
6,1612538240,46.4.77.182,10.8.0.1,46828
6,1612538240,10.8.0.1,46.4.77.182,
6,1612538240,46.4.77.182,10.8.0.1,46828
6,1612538240,10.8.0.1,46.4.77.182,
6,1612538240,46.4.77.182,10.8.0.1,46828
6,1612538240,10.8.0.1,46.4.77.182,
6,1612538240,46.4.77.182,10.8.0.1,46828
6,1612538240,10.8.0.1,46.4.77.182,
6,1612538240,46.4.77.182,10.8.0.1,46828
6,1612538240,10.8.0.1,46.4.77.182,
6,1612538240,46.4.77.182,10.8.0.1,46828
6,1612538240,10.8.0.1,46.4.77.182,
6,1612538240,46.4.77.182,10.8.0.1,46828
6,1612538240,10.8.0.1,46.4.77.182,
6,1612538240,46.4.77.182,10.8.0.1,46828
6,1612538240,10.8.0.1,46.4.77.182,
6,1612538240,46.4.77.182,10.8.0.1,46828
6,1612538240,10.8.0.1,46.4.77.182,
6,1612538240,46.4.77.182,10.8.0.1,46828
6,1612538240,10.8.0.1,46.4.77.182,
6,1612538240,46.4.77.182,10.8.0.1,46828
6,1612538240,10.8.0.1,46.4.77.182,
6,1612538240,46.4.77.182,10.8.0.1,46828
6,1612538241,10.8.0.1,46.4.77.182,
6,1612538241,46.4.77.182,10.8.0.1,46828
6,1612538241,10.8.0.1,46.4.77.182,
6,1612538241,46.4.77.182,10.8.0.1,46828
6,1612538241,10.8.0.1,46.4.77.182,
6,1612538241,46.4.77.182,10.8.0.1,46828
6,1612538241,10.8.0.1,46.4.77.182,
6,1612538241,46.4.77.182,10.8.0.1,46828
6,1612538241,10.8.0.1,46.4.77.182,
6,1612538241,46.4.77.182,10.8.0.1,46828
6,1612538241,10.8.0.1,46.4.77.182,
6,1612538241,46.4.77.182,10.8.0.1,46828
6,1612538241,10.8.0.1,46.4.77.182,
6,1612538241,46.4.77.182,10.8.0.1,46828
6,1612538241,10.8.0.1,46.4.77.182,
6,1612538241,46.4.77.182,10.8.0.1,46828
6,1612538241,10.8.0.1,46.4.77.182,
6,1612538241,46.4.77.182,10.8.0.1,46828
6,1612538241,10.8.0.1,46.4.77.182,
6,1612538241,46.4.77.182,10.8.0.1,46828
6,1612538241,10.8.0.1,46.4.77.182,
6,1612538241,46.4.77.182,10.8.0.1,46828
6,1612538241,10.8.0.1,46.4.77.182,
6,1612538241,46.4.77.182,10.8.0.1,46828
6,1612538241,10.8.0.1,46.4.77.182,
6,1612538241,46.4.77.182,10.8.0.1,46828
6,1612538241,10.8.0.1,46.4.77.182,
6,1612538241,46.4.77.182,10.8.0.1,46828
6,1612538241,10.8.0.1,46.4.77.182,
6,1612538241,46.4.77.182,10.8.0.1,46828
6,1612538241,10.8.0.1,46.4.77.182,
6,1612538241,46.4.77.182,10.8.0.1,13449
6,1612538241,10.8.0.1,46.4.77.182,
6,1612538242,10.8.0.1,46.4.77.182,42
6,1612538242,46.4.77.182,10.8.0.1,
6,1612538242,10.8.0.1,46.4.77.182,42
6,1612538242,46.4.77.182,10.8.0.1,